,Unnamed: 0,PROP_OBJECT_IDENTIFIER,PROP_OBJECT_NAME,PROP_DESCRIPTION
0,0,OBJECT_DEVICE_505,MeSH_Boiler'NAE06\MeSH_Notification',P2 utility room
1,1,OBJECT_ANALOG_INPUT_3000127,"MeSH_Boiler'NAE06/MeSH_Flow Rate, Voumetric, Cumulative-1.NAE6-T1-FEC57.FLOOR-P1\MeSH_Notification'",Zone2 Temperature
2,2,OBJECT_ANALOG_INPUT_3000998,"MeSH_Boiler'NAE06/MeSH_Flow Rate, Voumetric, Cumulative-1.NAE6-T1-FEC57.FLOOR-P2\MeSH_Notification'",Zone Temperature
3,3,OBJECT_ANALOG_INPUT_3001000,"MeSH_Boiler'NAE06/MeSH_Flow Rate, Voumetric, Cumulative-1.NAE6-T1-FEC57.MeSH_Return Air-CO2A\MeSH_Notification'",Miscellaneous Temperature
4,4,OBJECT_ANALOG_INPUT_3001001,"MeSH_Boiler'NAE06/MeSH_Flow Rate, Voumetric, Cumulative-1.NAE6-T1-FEC57.MeSH_Return Air-CO2B\MeSH_Notification'",Miscellaneous Flow
5,5,OBJECT_ANALOG_INPUT_3001002,"MeSH_Boiler'NAE06/MeSH_Flow Rate, Voumetric, Cumulative-1.NAE6-T1-FEC57.MeSH_Return Air-CO2C\MeSH_Notification'",Miscellaneous Temperature
6,6,OBJECT_ANALOG_INPUT_3001003,"MeSH_Boiler'NAE06/MeSH_Flow Rate, Voumetric, Cumulative-1.NAE6-T1-FEC57.MeSH_Return Air-CO2D\MeSH_Notification'",Miscellaneous Temperature
7,7,OBJECT_ANALOG_INPUT_3001004,"MeSH_Boiler'NAE06/MeSH_Flow Rate, Voumetric, Cumulative-1.NAE6-T1-FEC57.MeSH_Return Air-CO2E\MeSH_Notification'",Miscellaneous Temperature
8,8,OBJECT_ANALOG_INPUT_3001030,"MeSH_Boiler'NAE06/MeSH_Flow Rate, Voumetric, Cumulative-1.NAE6-T1-FEC57.MeSH_local network source MAC layer address-MeSH_Temperature\MeSH_Notification'",Zone Temperature
9,9,OBJECT_ANALOG_INPUT_3001103,"MeSH_Boiler'NAE06/MeSH_Flow Rate, Voumetric, Cumulative-1.NAE6-T1-FEC57.ZN1-MeSH_Temperature\MeSH_Notification'",Zone Temperature
10,10,OBJECT_ANALOG_INPUT_3001230,"MeSH_Boiler'NAE06/MeSH_Flow Rate, Voumetric, Cumulative-1.NAE6-T1-FEC57.ZN2-MeSH_Temperature\MeSH_Notification'",Zone Temperature
11,11,OBJECT_ANALOG_INPUT_3001262,"MeSH_Boiler'NAE06/MeSH_Flow Rate, Voumetric, Cumulative-1.NAE6-T1-FEC57.ZN3-MeSH_Temperature\MeSH_Notification'",Duct 1 Temperature
12,12,OBJECT_ANALOG_INPUT_3001263,"MeSH_Boiler'NAE06/MeSH_Flow Rate, Voumetric, Cumulative-1.NAE6-T1-FEC57.ZN4-MeSH_Temperature\MeSH_Notification'",Duct 2 Temperature
13,13,OBJECT_ANALOG_INPUT_3001283,"MeSH_Boiler'NAE06/MeSH_Flow Rate, Voumetric, Cumulative-1.NAE6-T1-FEC57.MeSH_Outdoor Air-MeSH_Flow Rate, Volumetric\MeSH_Notification'",Zone Temperature
14,14,OBJECT_ANALOG_INPUT_3001316,"MeSH_Boiler'NAE06/MeSH_Flow Rate, Voumetric, Cumulative-1.NAE6-T1-FEC58.ZN2-MeSH_Temperature\MeSH_Notification'",Return Air Temperature
15,15,OBJECT_ANALOG_INPUT_3001333,"MeSH_Boiler'NAE06/MeSH_Flow Rate, Voumetric, Cumulative-1.NAE6-T1-FEC58.ZN1-MeSH_Temperature\MeSH_Notification'",Return Air Temperature
16,16,OBJECT_ANALOG_INPUT_3001551,"MeSH_Boiler'NAE06/MeSH_Flow Rate, Voumetric, Cumulative-1.NAE6-T1-FEC59.ZN2-MeSH_Temperature\MeSH_Notification'",Duct 1 Temperature
17,17,OBJECT_ANALOG_INPUT_3001552,"MeSH_Boiler'NAE06/MeSH_Flow Rate, Voumetric, Cumulative-1.NAE6-T1-FEC59.ZN1-MeSH_Temperature\MeSH_Notification'",Duct 2 Temperature
18,18,OBJECT_ANALOG_INPUT_3001559,"MeSH_Boiler'NAE06/MeSH_Flow Rate, Voumetric, Cumulative-1.NAE6-T1-FEC60.ZN2-MeSH_Temperature\MeSH_Notification'",Duct 1 Temperature
19,19,OBJECT_ANALOG_INPUT_3001939,"MeSH_Boiler'NAE06/MeSH_Flow Rate, Voumetric, Cumulative-1.NAE6-T1-FEC60.ZN1-MeSH_Temperature\MeSH_Notification'",Zone Temperature
20,20,OBJECT_ANALOG_INPUT_3001955,"MeSH_Boiler'NAE06/MeSH_Flow Rate, Voumetric, Cumulative-1.NAE6-T1-FEC61.ZN2-MeSH_Temperature\MeSH_Notification'",Zone Temperature
21,21,OBJECT_ANALOG_INPUT_3001982,"MeSH_Boiler'NAE06/MeSH_Flow Rate, Voumetric, Cumulative-1.NAE6-T1-FEC61.ZN1-MeSH_Temperature\MeSH_Notification'",Zone Temperature
22,22,OBJECT_ANALOG_OUTPUT_3001009,"MeSH_Boiler'NAE06/MeSH_Flow Rate, Voumetric, Cumulative-1.NAE6-T1-FEC62.ZN2-MeSH_Temperature\MeSH_Notification'",Cooling Valve  Output
23,23,OBJECT_ANALOG_OUTPUT_3001238,"MeSH_Boiler'NAE06/MeSH_Flow Rate, Voumetric, Cumulative-1.NAE6-T1-FEC62.ZN1-MeSH_Temperature\MeSH_Notification'",Valve  Output
24,24,OBJECT_ANALOG_OUTPUT_3001265,"MeSH_Boiler'NAE06/MeSH_Flow Rate, Voumetric, Cumulative-1.NAE6-T1-FEC63.ZN2-MeSH_Temperature\MeSH_Notification'",Heating Valve Output
25,25,OBJECT_ANALOG_OUTPUT_3001266,"MeSH_Boiler'NAE06/MeSH_Flow Rate, Voumetric, Cumulative-1.NAE6-T1-FEC63.ZN1-MeSH_Temperature\MeSH_Notification'",Heating Valve 2 Output
26,26,OBJECT_ANALOG_OUTPUT_3001289,"MeSH_Boiler'NAE06/MeSH_Flow Rate, Voumetric, Cumulative-1.NAE6-T1-FEC64.ZN2-MeSH_Temperature\MeSH_Notification'",Valve  Output
27,27,OBJECT_ANALOG_OUTPUT_3001554,"MeSH_Boiler'NAE06/MeSH_Flow Rate, Voumetric, Cumulative-1.NAE6-T1-FEC64.ZN1-MeSH_Temperature\MeSH_Notification'",Voltage Out 1 Output
28,28,OBJECT_ANALOG_OUTPUT_3001555,"MeSH_Boiler'NAE06/MeSH_Flow Rate, Voumetric, Cumulative-1.NAE6-T1-FEC65.ZN2-MeSH_Temperature\MeSH_Notification'",Voltage Out 2 Output
29,29,OBJECT_ANALOG_OUTPUT_3001561,"MeSH_Boiler'NAE06/MeSH_Flow Rate, Voumetric, Cumulative-1.NAE6-T1-FEC65.ZN1-MeSH_Temperature\MeSH_Notification'",Voltage Out 1 Output
30,30,OBJECT_ANALOG_OUTPUT_3001929,"MeSH_Boiler'NAE06/MeSH_Flow Rate, Voumetric, Cumulative-1.NAE6-T1-FEC66.ZN2-MeSH_Temperature\MeSH_Notification'",Cooling Output
31,31,OBJECT_ANALOG_OUTPUT_3001944,"MeSH_Boiler'NAE06/MeSH_Flow Rate, Voumetric, Cumulative-1.NAE6-T1-FEC66.ZN1-MeSH_Temperature\MeSH_Notification'",Cooling Output
32,32,OBJECT_ANALOG_OUTPUT_3001960,"MeSH_Boiler'NAE06/MeSH_Flow Rate, Voumetric, Cumulative-1.NAE6-T1-FEC67.ZN2-MeSH_Temperature\MeSH_Notification'",Cooling Output
33,33,OBJECT_ANALOG_OUTPUT_3001987,"MeSH_Boiler'NAE06/MeSH_Flow Rate, Voumetric, Cumulative-1.NAE6-T1-FEC67.ZN1-MeSH_Temperature\MeSH_Notification'",Cooling Output
34,34,OBJECT_ANALOG_VALUE_3001006,"MeSH_Boiler'NAE06/MeSH_Flow Rate, Voumetric, Cumulative-1.NAE6-T1-FEC68.ZN2-MeSH_Temperature\MeSH_Notification'",CS Input (Float)
35,35,OBJECT_ANALOG_VALUE_3001008,"MeSH_Boiler'NAE06/MeSH_Flow Rate, Voumetric, Cumulative-1.NAE6-T1-FEC68.ZN1-MeSH_Temperature\MeSH_Notification'",Common Setpoint
36,36,OBJECT_ANALOG_VALUE_3001110,"MeSH_Boiler'NAE06/MeSH_Flow Rate, Voumetric, Cumulative-1.NAE6-T1-FEC44.FLOOR-P1\MeSH_Notification'",
37,37,OBJECT_ANALOG_VALUE_3001111,"MeSH_Boiler'NAE06/MeSH_Flow Rate, Voumetric, Cumulative-1.NAE6-T1-FEC44.FLOOR-P2\MeSH_Notification'",
38,38,OBJECT_ANALOG_VALUE_3001112,"MeSH_Boiler'NAE06/MeSH_Flow Rate, Voumetric, Cumulative-1.NAE6-T1-FEC44.MeSH_Return Air-CO2A\MeSH_Notification'",
39,39,OBJECT_ANALOG_VALUE_3001113,"MeSH_Boiler'NAE06/MeSH_Flow Rate, Voumetric, Cumulative-1.NAE6-T1-FEC44.MeSH_Return Air-CO2B\MeSH_Notification'",
40,40,OBJECT_ANALOG_VALUE_3001170,"MeSH_Boiler'NAE06/MeSH_Flow Rate, Voumetric, Cumulative-1.NAE6-T1-FEC44.MeSH_Return Air-CO2C\MeSH_Notification'",
41,41,OBJECT_ANALOG_VALUE_3001171,"MeSH_Boiler'NAE06/MeSH_Flow Rate, Voumetric, Cumulative-1.NAE6-T1-FEC44.MeSH_Return Air-CO2D\MeSH_Notification'",
42,42,OBJECT_ANALOG_VALUE_3001172,"MeSH_Boiler'NAE06/MeSH_Flow Rate, Voumetric, Cumulative-1.NAE6-T1-FEC44.MeSH_Return Air-CO2E\MeSH_Notification'",
43,43,OBJECT_ANALOG_VALUE_3001173,"MeSH_Boiler'NAE06/MeSH_Flow Rate, Voumetric, Cumulative-1.NAE6-T1-FEC44.MeSH_local network source MAC layer address-MeSH_Temperature\MeSH_Notification'",
44,44,OBJECT_ANALOG_VALUE_3001174,"MeSH_Boiler'NAE06/MeSH_Flow Rate, Voumetric, Cumulative-1.NAE6-T1-FEC44.ZN1-MeSH_Temperature\MeSH_Notification'",
45,45,OBJECT_ANALOG_VALUE_3001175,"MeSH_Boiler'NAE06/MeSH_Flow Rate, Voumetric, Cumulative-1.NAE6-T1-FEC44.ZN2-MeSH_Temperature\MeSH_Notification'",
46,46,OBJECT_ANALOG_VALUE_3001176,"MeSH_Boiler'NAE06/MeSH_Flow Rate, Voumetric, Cumulative-1.NAE6-T1-FEC44.ZN3-MeSH_Temperature\MeSH_Notification'",
47,47,OBJECT_ANALOG_VALUE_3001177,"MeSH_Boiler'NAE06/MeSH_Flow Rate, Voumetric, Cumulative-1.NAE6-T1-FEC44.ZN4-MeSH_Temperature\MeSH_Notification'",
48,48,OBJECT_ANALOG_VALUE_3001178,"MeSH_Boiler'NAE06/MeSH_Flow Rate, Voumetric, Cumulative-1.NAE6-T1-FEC44.MeSH_Outdoor Air-MeSH_Flow Rate, Volumetric\MeSH_Notification'",
49,49,OBJECT_ANALOG_VALUE_3001179,"MeSH_Boiler'NAE06/MeSH_Flow Rate, Voumetric, Cumulative-1.NAE6-T1-FEC45.ZN2-MeSH_Temperature\MeSH_Notification'",
50,50,OBJECT_ANALOG_VALUE_3001180,"MeSH_Boiler'NAE06/MeSH_Flow Rate, Voumetric, Cumulative-1.NAE6-T1-FEC45.ZN1-MeSH_Temperature\MeSH_Notification'",
51,51,OBJECT_ANALOG_VALUE_3001181,"MeSH_Boiler'NAE06/MeSH_Flow Rate, Voumetric, Cumulative-1.NAE6-T1-FEC46.ZN2-MeSH_Temperature\MeSH_Notification'",
52,52,OBJECT_ANALOG_VALUE_3001186,"MeSH_Boiler'NAE06/MeSH_Flow Rate, Voumetric, Cumulative-1.NAE6-T1-FEC46.ZN1-MeSH_Temperature\MeSH_Notification'",
53,53,OBJECT_ANALOG_VALUE_3001187,"MeSH_Boiler'NAE06/MeSH_Flow Rate, Voumetric, Cumulative-1.NAE6-T1-FEC47.ZN2-MeSH_Temperature\MeSH_Notification'",
54,54,OBJECT_ANALOG_VALUE_3001188,"MeSH_Boiler'NAE06/MeSH_Flow Rate, Voumetric, Cumulative-1.NAE6-T1-FEC47.ZN1-MeSH_Temperature\MeSH_Notification'",
55,55,OBJECT_ANALOG_VALUE_3001189,"MeSH_Boiler'NAE06/MeSH_Flow Rate, Voumetric, Cumulative-1.NAE6-T1-FEC48.ZN2-MeSH_Temperature\MeSH_Notification'",
56,56,OBJECT_ANALOG_VALUE_3001190,"MeSH_Boiler'NAE06/MeSH_Flow Rate, Voumetric, Cumulative-1.NAE6-T1-FEC49.ZN2-MeSH_Temperature\MeSH_Notification'",
57,57,OBJECT_ANALOG_VALUE_3001191,"MeSH_Boiler'NAE06/MeSH_Flow Rate, Voumetric, Cumulative-1.NAE6-T1-FEC49.ZN1-MeSH_Temperature\MeSH_Notification'",
58,58,OBJECT_ANALOG_VALUE_3001192,"MeSH_Boiler'NAE06/MeSH_Flow Rate, Voumetric, Cumulative-1.NAE6-T1-FEC50.ZN2-MeSH_Temperature\MeSH_Notification'",
59,59,OBJECT_ANALOG_VALUE_3001193,"MeSH_Boiler'NAE06/MeSH_Flow Rate, Voumetric, Cumulative-1.NAE6-T1-FEC50.ZN1-MeSH_Temperature\MeSH_Notification'",
60,60,OBJECT_ANALOG_VALUE_3001194,"MeSH_Boiler'NAE06/MeSH_Flow Rate, Voumetric, Cumulative-1.NAE6-T1-FEC51.ZN2-MeSH_Temperature\MeSH_Notification'",
61,61,OBJECT_ANALOG_VALUE_3001195,"MeSH_Boiler'NAE06/MeSH_Flow Rate, Voumetric, Cumulative-1.NAE6-T1-FEC51.ZN1-MeSH_Temperature\MeSH_Notification'",
62,62,OBJECT_ANALOG_VALUE_3001196,"MeSH_Boiler'NAE06/MeSH_Flow Rate, Voumetric, Cumulative-1.NAE6-T1-FEC52.ZN2-MeSH_Temperature\MeSH_Notification'",
63,63,OBJECT_ANALOG_VALUE_3001197,"MeSH_Boiler'NAE06/MeSH_Flow Rate, Voumetric, Cumulative-1.NAE6-T1-FEC52.ZN1-MeSH_Temperature\MeSH_Notification'",
64,64,OBJECT_ANALOG_VALUE_3001198,"MeSH_Boiler'NAE06/MeSH_Flow Rate, Voumetric, Cumulative-1.NAE6-T1-FEC53.ZN2-MeSH_Temperature\MeSH_Notification'",
65,65,OBJECT_ANALOG_VALUE_3001199,"MeSH_Boiler'NAE06/MeSH_Flow Rate, Voumetric, Cumulative-1.NAE6-T1-FEC53.ZN1-MeSH_Temperature\MeSH_Notification'",
66,66,OBJECT_ANALOG_VALUE_3001202,"MeSH_Boiler'NAE06/MeSH_Flow Rate, Voumetric, Cumulative-1.NAE6-T1-FEC54.ZN2-MeSH_Temperature\MeSH_Notification'",
67,67,OBJECT_ANALOG_VALUE_3001203,"MeSH_Boiler'NAE06/MeSH_Flow Rate, Voumetric, Cumulative-1.NAE6-T1-FEC54.ZN1-MeSH_Temperature\MeSH_Notification'",
68,68,OBJECT_ANALOG_VALUE_3001211,"MeSH_Boiler'NAE06/MeSH_Flow Rate, Voumetric, Cumulative-1.NAE6-T1-FEC55.ZN2-MeSH_Temperature\MeSH_Notification'",
69,69,OBJECT_ANALOG_VALUE_3001212,"MeSH_Boiler'NAE06/MeSH_Flow Rate, Voumetric, Cumulative-1.NAE6-T1-FEC55.ZN1-MeSH_Temperature\MeSH_Notification'",
70,70,OBJECT_ANALOG_VALUE_3001213,"MeSH_Boiler'NAE06/MeSH_Flow Rate, Voumetric, Cumulative-1.NAE6-T1-VMA43.MeSH_local destination MAC layer address-VP\MeSH_Notification'",
71,71,OBJECT_ANALOG_VALUE_3001214,"MeSH_Boiler'NAE06/MeSH_Flow Rate, Voumetric, Cumulative-1.NAE6-T1-VMA56.MeSH_local destination MAC layer address-VP\MeSH_Notification'",
72,72,OBJECT_ANALOG_VALUE_3001215,"MeSH_Boiler'NAE06/MeSH_Flow Rate, Voumetric, Cumulative-1.NAE6-T1-VMA43.ZN-MeSH_Temperature\MeSH_Notification'",
73,73,OBJECT_ANALOG_VALUE_3001218,"MeSH_Boiler'NAE06/MeSH_Flow Rate, Voumetric, Cumulative-1.NAE6-T1-VMA56.ZN-MeSH_Temperature\MeSH_Notification'",
74,74,OBJECT_ANALOG_VALUE_3001235,"MeSH_Boiler'NAE06/MeSH_Flow Rate, Voumetric, Cumulative-1.19-UP-71.Analog Inputs.AI-1106\MeSH_Notification'",CS Input (Float)
75,75,OBJECT_ANALOG_VALUE_3001237,"MeSH_Boiler'NAE06/MeSH_Flow Rate, Voumetric, Cumulative-1.19-UP-71.Analog Inputs.AI-11545\MeSH_Notification'",Common Setpoint
76,76,OBJECT_ANALOG_VALUE_3001261,"MeSH_Boiler'NAE06/MeSH_Flow Rate, Voumetric, Cumulative-1.19-UP-72.Analog Inputs.AI-1106\MeSH_Notification'",CS Input (Float)
77,77,OBJECT_ANALOG_VALUE_3001287,"MeSH_Boiler'NAE06/MeSH_Flow Rate, Voumetric, Cumulative-1.19-UP-73.Analog Inputs.AI-1106\MeSH_Notification'",CS Input (Float)
78,78,OBJECT_ANALOG_VALUE_3001288,"MeSH_Boiler'NAE06/MeSH_Flow Rate, Voumetric, Cumulative-1.19-UP-73.Analog Inputs.AI-11545\MeSH_Notification'",Common Setpoint
79,79,OBJECT_ANALOG_VALUE_3001313,"MeSH_Boiler'NAE06/MeSH_Flow Rate, Voumetric, Cumulative-1.19-UP-74.Analog Inputs.AI-1106\MeSH_Notification'",CS Input (Float)
80,80,OBJECT_ANALOG_VALUE_3001330,"MeSH_Boiler'NAE06/MeSH_Flow Rate, Voumetric, Cumulative-1.19-UP-75.Analog Inputs.AI-1106\MeSH_Notification'",CS Input (Float)
81,81,OBJECT_ANALOG_VALUE_3001340,"MeSH_Boiler'NAE06/MeSH_Flow Rate, Voumetric, Cumulative-1.19-UP-76.Analog Inputs.AI-1106\MeSH_Notification'",
82,82,OBJECT_ANALOG_VALUE_3001341,"MeSH_Boiler'NAE06/MeSH_Flow Rate, Voumetric, Cumulative-1.19-UP-77.Analog Inputs.AI-1106\MeSH_Notification'",
83,83,OBJECT_ANALOG_VALUE_3001342,"MeSH_Boiler'NAE06/MeSH_Flow Rate, Voumetric, Cumulative-1.19-BTU-1.Analog Inputs.AI-11\MeSH_Notification'",
84,84,OBJECT_ANALOG_VALUE_3001349,"MeSH_Boiler'NAE06/MeSH_Flow Rate, Voumetric, Cumulative-1.19-BTU-1.Analog Inputs.AI-10\MeSH_Notification'",Common Setpoint
85,85,OBJECT_ANALOG_VALUE_3001379,"MeSH_Boiler'NAE06/MeSH_Flow Rate, Voumetric, Cumulative-1.19-BTU-1.Analog Inputs.AI-9\MeSH_Notification'",
86,86,OBJECT_ANALOG_VALUE_3001380,"MeSH_Boiler'NAE06/MeSH_Flow Rate, Voumetric, Cumulative-1.19-BTU-1.Analog Inputs.AI-5\MeSH_Notification'",
87,87,OBJECT_ANALOG_VALUE_3001381,"MeSH_Boiler'NAE06/MeSH_Flow Rate, Voumetric, Cumulative-1.19-BTU-1.Analog Inputs.AI-4\MeSH_Notification'",
88,88,OBJECT_ANALOG_VALUE_3001386,"MeSH_Boiler'NAE06/MeSH_Flow Rate, Voumetric, Cumulative-1.19-BTU-1.Analog Inputs.AI-3\MeSH_Notification'",
89,89,OBJECT_ANALOG_VALUE_3001387,"MeSH_Boiler'NAE06/MeSH_Flow Rate, Voumetric, Cumulative-1.19-BTU-1.Analog Inputs.AI-2\MeSH_Notification'",
90,90,OBJECT_ANALOG_VALUE_3001388,"MeSH_Boiler'NAE06/MeSH_Flow Rate, Voumetric, Cumulative-1.19-BTU-1.Analog Inputs.AI-0\MeSH_Notification'",
91,91,OBJECT_ANALOG_VALUE_3001389,"MeSH_Boiler'NAE06/MeSH_Flow Rate, Voumetric, Cumulative-1.NAE6-T1-FEC57.SF-MeSH_indicates that support of a property is optional\MeSH_Notification'",
92,92,OBJECT_ANALOG_VALUE_3001390,"MeSH_Boiler'NAE06/MeSH_Flow Rate, Voumetric, Cumulative-1.NAE6-T1-FEC57.OAD-%\MeSH_Notification'",
93,93,OBJECT_ANALOG_VALUE_3001391,"MeSH_Boiler'NAE06/MeSH_Flow Rate, Voumetric, Cumulative-1.NAE6-T1-FEC57.CLG-MeSH_indicates that support of a property is optional\MeSH_Notification'",
94,94,OBJECT_ANALOG_VALUE_3001392,"MeSH_Boiler'NAE06/MeSH_Flow Rate, Voumetric, Cumulative-1.NAE6-T1-FEC58.SUPHTG2-%\MeSH_Notification'",
95,95,OBJECT_ANALOG_VALUE_3001393,"MeSH_Boiler'NAE06/MeSH_Flow Rate, Voumetric, Cumulative-1.NAE6-T1-FEC58.ZN2-DAD-%\MeSH_Notification'",
96,96,OBJECT_ANALOG_VALUE_3001394,"MeSH_Boiler'NAE06/MeSH_Flow Rate, Voumetric, Cumulative-1.NAE6-T1-FEC58.SUPHTG1-%\MeSH_Notification'",
97,97,OBJECT_ANALOG_VALUE_3001395,"MeSH_Boiler'NAE06/MeSH_Flow Rate, Voumetric, Cumulative-1.NAE6-T1-FEC58.DAD1-MeSH_indicates that support of a property is optional\MeSH_Notification'",
98,98,OBJECT_ANALOG_VALUE_3001396,"MeSH_Boiler'NAE06/MeSH_Flow Rate, Voumetric, Cumulative-1.NAE6-T1-FEC59.SUPHTG2-%\MeSH_Notification'",
99,99,OBJECT_ANALOG_VALUE_3001508,"MeSH_Boiler'NAE06/MeSH_Flow Rate, Voumetric, Cumulative-1.NAE6-T1-FEC59.ZN2-DAD-%\MeSH_Notification'",
100,100,OBJECT_ANALOG_VALUE_3001549,"MeSH_Boiler'NAE06/MeSH_Flow Rate, Voumetric, Cumulative-1.NAE6-T1-FEC59.SUPHTG1-%\MeSH_Notification'",CS Input (Float)
101,101,OBJECT_ANALOG_VALUE_3001550,"MeSH_Boiler'NAE06/MeSH_Flow Rate, Voumetric, Cumulative-1.NAE6-T1-FEC59.DAD1-MeSH_indicates that support of a property is optional\MeSH_Notification'",CS Input (Float)
102,102,OBJECT_ANALOG_VALUE_3001558,"MeSH_Boiler'NAE06/MeSH_Flow Rate, Voumetric, Cumulative-1.NAE6-T1-FEC60.SUPHTG2-%\MeSH_Notification'",CS Input (Float)
103,103,OBJECT_ANALOG_VALUE_3001573,"MeSH_Boiler'NAE06/MeSH_Flow Rate, Voumetric, Cumulative-1.NAE6-T1-FEC60.ZN2-DAD-%\MeSH_Notification'",CS Input (Float)
104,104,OBJECT_ANALOG_VALUE_3001574,"MeSH_Boiler'NAE06/MeSH_Flow Rate, Voumetric, Cumulative-1.NAE6-T1-FEC60.SUPHTG1-%\MeSH_Notification'",CS Input (Float)
105,105,OBJECT_ANALOG_VALUE_3001576,"MeSH_Boiler'NAE06/MeSH_Flow Rate, Voumetric, Cumulative-1.NAE6-T1-FEC60.DAD1-MeSH_indicates that support of a property is optional\MeSH_Notification'",CS Input (Float)
106,106,OBJECT_ANALOG_VALUE_3001577,"MeSH_Boiler'NAE06/MeSH_Flow Rate, Voumetric, Cumulative-1.NAE6-T1-FEC61.SUPHTG2-%\MeSH_Notification'",CS Input (Float)
107,107,OBJECT_ANALOG_VALUE_3001647,"MeSH_Boiler'NAE06/MeSH_Flow Rate, Voumetric, Cumulative-1.NAE6-T1-FEC61.ZN2-DAD-%\MeSH_Notification'",
108,108,OBJECT_ANALOG_VALUE_3001648,"MeSH_Boiler'NAE06/MeSH_Flow Rate, Voumetric, Cumulative-1.NAE6-T1-FEC61.SUPHTG1-%\MeSH_Notification'",
109,109,OBJECT_ANALOG_VALUE_3001649,"MeSH_Boiler'NAE06/MeSH_Flow Rate, Voumetric, Cumulative-1.NAE6-T1-FEC61.DAD1-MeSH_indicates that support of a property is optional\MeSH_Notification'",
110,110,OBJECT_ANALOG_VALUE_3001650,"MeSH_Boiler'NAE06/MeSH_Flow Rate, Voumetric, Cumulative-1.NAE6-T1-FEC62.SUPHTG2-%\MeSH_Notification'",
111,111,OBJECT_ANALOG_VALUE_3001651,"MeSH_Boiler'NAE06/MeSH_Flow Rate, Voumetric, Cumulative-1.NAE6-T1-FEC62.ZN2-DAD-%\MeSH_Notification'",
112,112,OBJECT_ANALOG_VALUE_3001652,"MeSH_Boiler'NAE06/MeSH_Flow Rate, Voumetric, Cumulative-1.NAE6-T1-FEC62.SUPHTG1-%\MeSH_Notification'",
113,113,OBJECT_ANALOG_VALUE_3001696,"MeSH_Boiler'NAE06/MeSH_Flow Rate, Voumetric, Cumulative-1.NAE6-T1-FEC62.DAD1-MeSH_indicates that support of a property is optional\MeSH_Notification'",
114,114,OBJECT_ANALOG_VALUE_3001856,"MeSH_Boiler'NAE06/MeSH_Flow Rate, Voumetric, Cumulative-1.NAE6-T1-FEC63.SUPHTG2-%\MeSH_Notification'",CS Input (Float)
115,115,OBJECT_ANALOG_VALUE_3001857,"MeSH_Boiler'NAE06/MeSH_Flow Rate, Voumetric, Cumulative-1.NAE6-T1-FEC63.ZN2-DAD-%\MeSH_Notification'",CS Input (Float)
116,116,OBJECT_ANALOG_VALUE_3001859,"MeSH_Boiler'NAE06/MeSH_Flow Rate, Voumetric, Cumulative-1.NAE6-T1-FEC63.SUPHTG1-%\MeSH_Notification'",CS Input (Float)
117,117,OBJECT_ANALOG_VALUE_3001860,"MeSH_Boiler'NAE06/MeSH_Flow Rate, Voumetric, Cumulative-1.NAE6-T1-FEC63.DAD1-MeSH_indicates that support of a property is optional\MeSH_Notification'",CS Input (Float)
118,118,OBJECT_ANALOG_VALUE_3001861,"MeSH_Boiler'NAE06/MeSH_Flow Rate, Voumetric, Cumulative-1.NAE6-T1-FEC64.SUPHTG2-%\MeSH_Notification'",
119,119,OBJECT_ANALOG_VALUE_3001863,"MeSH_Boiler'NAE06/MeSH_Flow Rate, Voumetric, Cumulative-1.NAE6-T1-FEC64.ZN2-DAD-%\MeSH_Notification'",CS Input (Float)
120,120,OBJECT_ANALOG_VALUE_3001864,"MeSH_Boiler'NAE06/MeSH_Flow Rate, Voumetric, Cumulative-1.NAE6-T1-FEC64.SUPHTG1-%\MeSH_Notification'",CS Input (Float)
121,121,OBJECT_ANALOG_VALUE_3001931,"MeSH_Boiler'NAE06/MeSH_Flow Rate, Voumetric, Cumulative-1.NAE6-T1-FEC64.DAD1-MeSH_indicates that support of a property is optional\MeSH_Notification'",Zone Temparature Setpoint
122,122,OBJECT_ANALOG_VALUE_3001936,"MeSH_Boiler'NAE06/MeSH_Flow Rate, Voumetric, Cumulative-1.NAE6-T1-FEC65.SUPHTG2-%\MeSH_Notification'",Effective Cooling Setpoint
123,123,OBJECT_ANALOG_VALUE_3001938,"MeSH_Boiler'NAE06/MeSH_Flow Rate, Voumetric, Cumulative-1.NAE6-T1-FEC65.ZN2-DAD-%\MeSH_Notification'",Temporary Occupancy Mode Bypass Time
124,124,OBJECT_ANALOG_VALUE_3001941,"MeSH_Boiler'NAE06/MeSH_Flow Rate, Voumetric, Cumulative-1.NAE6-T1-FEC65.SUPHTG1-%\MeSH_Notification'",Warmer/Cooler Adjust
125,125,OBJECT_ANALOG_VALUE_3001946,"MeSH_Boiler'NAE06/MeSH_Flow Rate, Voumetric, Cumulative-1.NAE6-T1-FEC65.DAD1-MeSH_indicates that support of a property is optional\MeSH_Notification'",Zone Temperature Setpoint
126,126,OBJECT_ANALOG_VALUE_3001951,"MeSH_Boiler'NAE06/MeSH_Flow Rate, Voumetric, Cumulative-1.NAE6-T1-FEC66.SUPHTG2-%\MeSH_Notification'",Effective Cooling Setpoint
127,127,OBJECT_ANALOG_VALUE_3001954,"MeSH_Boiler'NAE06/MeSH_Flow Rate, Voumetric, Cumulative-1.NAE6-T1-FEC66.ZN2-DAD-%\MeSH_Notification'",Temporary Occupancy Mode Bypass Time
128,128,OBJECT_ANALOG_VALUE_3001957,"MeSH_Boiler'NAE06/MeSH_Flow Rate, Voumetric, Cumulative-1.NAE6-T1-FEC66.SUPHTG1-%\MeSH_Notification'",Warmer/Cooler Adjust
129,129,OBJECT_ANALOG_VALUE_3001962,"MeSH_Boiler'NAE06/MeSH_Flow Rate, Voumetric, Cumulative-1.NAE6-T1-FEC66.DAD1-MeSH_indicates that support of a property is optional\MeSH_Notification'",Zone Temperature Setpoint
130,130,OBJECT_ANALOG_VALUE_3001967,"MeSH_Boiler'NAE06/MeSH_Flow Rate, Voumetric, Cumulative-1.NAE6-T1-FEC67.SUPHTG2-%\MeSH_Notification'",Effective Cooling Setpoint
131,131,OBJECT_ANALOG_VALUE_3001970,"MeSH_Boiler'NAE06/MeSH_Flow Rate, Voumetric, Cumulative-1.NAE6-T1-FEC67.ZN2-DAD-%\MeSH_Notification'",Zone Temporary Occupancy Bypass Time
132,132,OBJECT_ANALOG_VALUE_3001972,"MeSH_Boiler'NAE06/MeSH_Flow Rate, Voumetric, Cumulative-1.NAE6-T1-FEC67.SUPHTG1-%\MeSH_Notification'",Warmer/Cooler Adjust (From FCU-53)
133,133,OBJECT_ANALOG_VALUE_3001975,"MeSH_Boiler'NAE06/MeSH_Flow Rate, Voumetric, Cumulative-1.NAE6-T1-FEC67.DAD1-MeSH_indicates that support of a property is optional\MeSH_Notification'",Zone Temperature
134,134,OBJECT_ANALOG_VALUE_3001984,"MeSH_Boiler'NAE06/MeSH_Flow Rate, Voumetric, Cumulative-1.NAE6-T1-FEC68.SUPHTG2-%\MeSH_Notification'",Warmer/Cooler Adjust
135,135,OBJECT_ANALOG_VALUE_3001989,"MeSH_Boiler'NAE06/MeSH_Flow Rate, Voumetric, Cumulative-1.NAE6-T1-FEC68.ZN2-DAD-%\MeSH_Notification'",Common Setpoint
136,136,OBJECT_ANALOG_VALUE_3001994,"MeSH_Boiler'NAE06/MeSH_Flow Rate, Voumetric, Cumulative-1.NAE6-T1-FEC68.SUPHTG1-%\MeSH_Notification'",Effective Cooling Setpoint
137,137,OBJECT_ANALOG_VALUE_3001997,"MeSH_Boiler'NAE06/MeSH_Flow Rate, Voumetric, Cumulative-1.NAE6-T1-FEC68.DAD1-MeSH_indicates that support of a property is optional\MeSH_Notification'",Zone Temporary Occupancy Bypass Time
138,138,OBJECT_ANALOG_VALUE_3002186,"MeSH_Boiler'NAE06/MeSH_Flow Rate, Voumetric, Cumulative-1.NAE6-T1-FEC44.SF-MeSH_indicates that support of a property is optional\MeSH_Notification'",
139,139,OBJECT_ANALOG_VALUE_3002394,"MeSH_Boiler'NAE06/MeSH_Flow Rate, Voumetric, Cumulative-1.NAE6-T1-FEC44.OAD-%\MeSH_Notification'",CS Input (Float)
140,140,OBJECT_ANALOG_VALUE_3002853,"MeSH_Boiler'NAE06/MeSH_Flow Rate, Voumetric, Cumulative-1.NAE6-T1-FEC44.CLG-MeSH_indicates that support of a property is optional\MeSH_Notification'",
141,141,OBJECT_ANALOG_VALUE_3004770,"MeSH_Boiler'NAE06/MeSH_Flow Rate, Voumetric, Cumulative-1.NAE6-T1-FEC45.SUPHTG2-%\MeSH_Notification'",E3 Point Station CO Reading
142,142,OBJECT_ANALOG_VALUE_3004771,"MeSH_Boiler'NAE06/MeSH_Flow Rate, Voumetric, Cumulative-1.NAE6-T1-FEC45.ZN2-DAD-%\MeSH_Notification'",E3 Point Station CO Reading
143,143,OBJECT_ANALOG_VALUE_3004772,"MeSH_Boiler'NAE06/MeSH_Flow Rate, Voumetric, Cumulative-1.NAE6-T1-FEC45.SUPHTG1-%\MeSH_Notification'",E3 Point Station CO Reading
144,144,OBJECT_ANALOG_VALUE_3004773,"MeSH_Boiler'NAE06/MeSH_Flow Rate, Voumetric, Cumulative-1.NAE6-T1-FEC45.DAD1-MeSH_indicates that support of a property is optional\MeSH_Notification'",E3 Point Station CO Reading
145,145,OBJECT_ANALOG_VALUE_3004774,"MeSH_Boiler'NAE06/MeSH_Flow Rate, Voumetric, Cumulative-1.NAE6-T1-FEC46.SUPHTG2-%\MeSH_Notification'",E3 Point Station CO Reading
146,146,OBJECT_ANALOG_VALUE_3004775,"MeSH_Boiler'NAE06/MeSH_Flow Rate, Voumetric, Cumulative-1.NAE6-T1-FEC46.ZN2-DAD-%\MeSH_Notification'",E3 Point Station CO Reading
147,147,OBJECT_ANALOG_VALUE_3004776,"MeSH_Boiler'NAE06/MeSH_Flow Rate, Voumetric, Cumulative-1.NAE6-T1-FEC46.SUPHTG1-%\MeSH_Notification'",E3 Point Station CO Reading
148,148,OBJECT_ANALOG_VALUE_3004777,"MeSH_Boiler'NAE06/MeSH_Flow Rate, Voumetric, Cumulative-1.NAE6-T1-FEC46.DAD1-MeSH_indicates that support of a property is optional\MeSH_Notification'",E3 Point Station CO Reading
149,149,OBJECT_ANALOG_VALUE_3004778,"MeSH_Boiler'NAE06/MeSH_Flow Rate, Voumetric, Cumulative-1.NAE6-T1-FEC47.SUPHTG2-%\MeSH_Notification'",E3 Point Station CO Reading
150,150,OBJECT_ANALOG_VALUE_3004779,"MeSH_Boiler'NAE06/MeSH_Flow Rate, Voumetric, Cumulative-1.NAE6-T1-FEC47.ZN2-DAD-%\MeSH_Notification'",E3 Point Station CO Reading
151,151,OBJECT_ANALOG_VALUE_3004780,"MeSH_Boiler'NAE06/MeSH_Flow Rate, Voumetric, Cumulative-1.NAE6-T1-FEC47.SUPHTG1-%\MeSH_Notification'",E3 Point Station CO Reading
152,152,OBJECT_ANALOG_VALUE_3004781,"MeSH_Boiler'NAE06/MeSH_Flow Rate, Voumetric, Cumulative-1.NAE6-T1-FEC47.DAD1-MeSH_indicates that support of a property is optional\MeSH_Notification'",E3 Point Station CO Reading
153,153,OBJECT_ANALOG_VALUE_3004782,"MeSH_Boiler'NAE06/MeSH_Flow Rate, Voumetric, Cumulative-1.NAE6-T1-FEC48.SUPHTG2-%\MeSH_Notification'",E3 Point Station CO Reading
154,154,OBJECT_ANALOG_VALUE_3004783,"MeSH_Boiler'NAE06/MeSH_Flow Rate, Voumetric, Cumulative-1.NAE6-T1-FEC48.ZN2-DAD-%\MeSH_Notification'",E3 Point Station CO Reading
155,155,OBJECT_ANALOG_VALUE_3004784,"MeSH_Boiler'NAE06/MeSH_Flow Rate, Voumetric, Cumulative-1.NAE6-T1-FEC48.SUPHTG1-%\MeSH_Notification'",E3 Point Station CO Reading
156,156,OBJECT_ANALOG_VALUE_3004786,"MeSH_Boiler'NAE06/MeSH_Flow Rate, Voumetric, Cumulative-1.NAE6-T1-FEC48.DAD1-MeSH_indicates that support of a property is optional\MeSH_Notification'",E3 Point Station CO Reading
157,157,OBJECT_ANALOG_VALUE_3004787,"MeSH_Boiler'NAE06/MeSH_Flow Rate, Voumetric, Cumulative-1.NAE6-T1-FEC49.SUPHTG2-%\MeSH_Notification'",E3 Point Station CO Reading
158,158,OBJECT_ANALOG_VALUE_3004788,"MeSH_Boiler'NAE06/MeSH_Flow Rate, Voumetric, Cumulative-1.NAE6-T1-FEC49.ZN2-DAD-%\MeSH_Notification'",E3 Point Station CO Reading
159,159,OBJECT_ANALOG_VALUE_3004789,"MeSH_Boiler'NAE06/MeSH_Flow Rate, Voumetric, Cumulative-1.NAE6-T1-FEC49.SUPHTG1-%\MeSH_Notification'",E3 Point Station CO Reading
160,160,OBJECT_ANALOG_VALUE_3004790,"MeSH_Boiler'NAE06/MeSH_Flow Rate, Voumetric, Cumulative-1.NAE6-T1-FEC49.DAD1-MeSH_indicates that support of a property is optional\MeSH_Notification'",E3 Point Station CO Reading
161,161,OBJECT_ANALOG_VALUE_3004791,"MeSH_Boiler'NAE06/MeSH_Flow Rate, Voumetric, Cumulative-1.NAE6-T1-FEC50.SUPHTG2-%\MeSH_Notification'",E3 Point Station CO Reading
162,162,OBJECT_ANALOG_VALUE_3004792,"MeSH_Boiler'NAE06/MeSH_Flow Rate, Voumetric, Cumulative-1.NAE6-T1-FEC50.ZN2-DAD-%\MeSH_Notification'",E3 Point Station CO Reading
163,163,OBJECT_ANALOG_VALUE_3004793,"MeSH_Boiler'NAE06/MeSH_Flow Rate, Voumetric, Cumulative-1.NAE6-T1-FEC50.SUPHTG1-%\MeSH_Notification'",E3 Point Station CO Reading
164,164,OBJECT_ANALOG_VALUE_3004812,"MeSH_Boiler'NAE06/MeSH_Flow Rate, Voumetric, Cumulative-1.NAE6-T1-FEC50.DAD1-MeSH_indicates that support of a property is optional\MeSH_Notification'",E3 Point Station CO Reading
165,165,OBJECT_ANALOG_VALUE_3004818,"MeSH_Boiler'NAE06/MeSH_Flow Rate, Voumetric, Cumulative-1.NAE6-T1-FEC51.SUPHTG2-%\MeSH_Notification'",E3 Point Station CO Reading
166,166,OBJECT_ANALOG_VALUE_3004819,"MeSH_Boiler'NAE06/MeSH_Flow Rate, Voumetric, Cumulative-1.NAE6-T1-FEC51.ZN2-DAD-%\MeSH_Notification'",E3 Point Station CO Reading
167,167,OBJECT_ANALOG_VALUE_3004820,"MeSH_Boiler'NAE06/MeSH_Flow Rate, Voumetric, Cumulative-1.NAE6-T1-FEC51.SUPHTG1-%\MeSH_Notification'",E3 Point Station CO Reading
168,168,OBJECT_ANALOG_VALUE_3004825,"MeSH_Boiler'NAE06/MeSH_Flow Rate, Voumetric, Cumulative-1.NAE6-T1-FEC51.DAD1-MeSH_indicates that support of a property is optional\MeSH_Notification'",E3 Point Station CO Reading
169,169,OBJECT_ANALOG_VALUE_3004834,"MeSH_Boiler'NAE06/MeSH_Flow Rate, Voumetric, Cumulative-1.NAE6-T1-FEC52.SUPHTG2-%\MeSH_Notification'",E3 Point Station CO Reading
170,170,OBJECT_ANALOG_VALUE_3004835,"MeSH_Boiler'NAE06/MeSH_Flow Rate, Voumetric, Cumulative-1.NAE6-T1-FEC52.ZN2-DAD-%\MeSH_Notification'",E3 Point Station CO Reading
171,171,OBJECT_ANALOG_VALUE_3004933,"MeSH_Boiler'NAE06/MeSH_Flow Rate, Voumetric, Cumulative-1.NAE6-T1-FEC52.SUPHTG1-%\MeSH_Notification'",E3 Point Station CO Reading
172,172,OBJECT_ANALOG_VALUE_3004934,"MeSH_Boiler'NAE06/MeSH_Flow Rate, Voumetric, Cumulative-1.NAE6-T1-FEC52.DAD1-MeSH_indicates that support of a property is optional\MeSH_Notification'",E3 Point Station CO Reading
173,173,OBJECT_ANALOG_VALUE_3004935,"MeSH_Boiler'NAE06/MeSH_Flow Rate, Voumetric, Cumulative-1.NAE6-T1-FEC53.SUPHTG2-%\MeSH_Notification'",E3 Point Station CO Reading
174,174,OBJECT_ANALOG_VALUE_3004961,"MeSH_Boiler'NAE06/MeSH_Flow Rate, Voumetric, Cumulative-1.NAE6-T1-FEC53.ZN2-DAD-%\MeSH_Notification'",
175,175,OBJECT_ANALOG_VALUE_3004962,"MeSH_Boiler'NAE06/MeSH_Flow Rate, Voumetric, Cumulative-1.NAE6-T1-FEC53.SUPHTG1-%\MeSH_Notification'",
176,176,OBJECT_ANALOG_VALUE_3004963,"MeSH_Boiler'NAE06/MeSH_Flow Rate, Voumetric, Cumulative-1.NAE6-T1-FEC53.DAD1-MeSH_indicates that support of a property is optional\MeSH_Notification'",
177,177,OBJECT_ANALOG_VALUE_3004964,"MeSH_Boiler'NAE06/MeSH_Flow Rate, Voumetric, Cumulative-1.NAE6-T1-FEC54.SUPHTG2-%\MeSH_Notification'",
178,178,OBJECT_BINARY_INPUT_3000128,"MeSH_Boiler'NAE06/MeSH_Flow Rate, Voumetric, Cumulative-1.NAE6-T1-FEC54.ZN2-DAD-%\MeSH_Notification'",Exhaust Fan Alarm
179,179,OBJECT_BINARY_INPUT_3000130,"MeSH_Boiler'NAE06/MeSH_Flow Rate, Voumetric, Cumulative-1.NAE6-T1-FEC54.SUPHTG1-%\MeSH_Notification'",Exhaust Fan Status
180,180,OBJECT_BINARY_INPUT_3000999,"MeSH_Boiler'NAE06/MeSH_Flow Rate, Voumetric, Cumulative-1.NAE6-T1-FEC54.DAD1-MeSH_indicates that support of a property is optional\MeSH_Notification'",FCU-2 Supply Fan Status
181,181,OBJECT_BINARY_INPUT_3001011,"MeSH_Boiler'NAE06/MeSH_Flow Rate, Voumetric, Cumulative-1.NAE6-T1-FEC55.SUPHTG2-%\MeSH_Notification'",Preheat Pump Status
182,182,OBJECT_BINARY_INPUT_3001012,"MeSH_Boiler'NAE06/MeSH_Flow Rate, Voumetric, Cumulative-1.NAE6-T1-FEC55.ZN2-DAD-%\MeSH_Notification'",Supply Fan Status
183,183,OBJECT_BINARY_INPUT_3001024,"MeSH_Boiler'NAE06/MeSH_Flow Rate, Voumetric, Cumulative-1.NAE6-T1-FEC55.SUPHTG1-%\MeSH_Notification'",EF22-S
184,184,OBJECT_BINARY_INPUT_3001025,"MeSH_Boiler'NAE06/MeSH_Flow Rate, Voumetric, Cumulative-1.NAE6-T1-FEC55.DAD1-MeSH_indicates that support of a property is optional\MeSH_Notification'",EF18-S
185,185,OBJECT_BINARY_INPUT_3001026,"MeSH_Boiler'NAE06/MeSH_Flow Rate, Voumetric, Cumulative-1.NAE6-T1-VMA43.DPR-MeSH_indicates that support of a property is optional\MeSH_Notification'",Exhaust Fan Status
186,186,OBJECT_BINARY_INPUT_3001027,"MeSH_Boiler'NAE06/MeSH_Flow Rate, Voumetric, Cumulative-1.NAE6-T1-VMA56.DPR-MeSH_indicates that support of a property is optional\MeSH_Notification'",Supply Fan Status
187,187,OBJECT_BINARY_INPUT_3001028,"MeSH_Boiler'NAE06/MeSH_Flow Rate, Voumetric, Cumulative-1.20-UP-37.DAD1-MeSH_indicates that support of a property is optional\MeSH_Notification'",Supply Fan2 Status
188,188,OBJECT_BINARY_INPUT_3001029,"MeSH_Boiler'NAE06/MeSH_Flow Rate, Voumetric, Cumulative-1.20-UP-37.GAD-MeSH_indicates that support of a property is optional\MeSH_Notification'",Exhaust Fan Status
189,189,OBJECT_BINARY_INPUT_3001097,"MeSH_Boiler'NAE06/MeSH_Flow Rate, Voumetric, Cumulative-1.20-UP-38.DAD1-MeSH_indicates that support of a property is optional\MeSH_Notification'",Exhaust Fan Status
190,190,OBJECT_BINARY_INPUT_3001098,"MeSH_Boiler'NAE06/MeSH_Flow Rate, Voumetric, Cumulative-1.20-UP-38.GAD-MeSH_indicates that support of a property is optional\MeSH_Notification'",Exhaust Fan Status
191,191,OBJECT_BINARY_INPUT_3001099,"MeSH_Boiler'NAE06/MeSH_Flow Rate, Voumetric, Cumulative-1.19-UP-40.DAD1-MeSH_indicates that support of a property is optional\MeSH_Notification'",Exhaust Fan Status
192,192,OBJECT_BINARY_INPUT_3001100,"MeSH_Boiler'NAE06/MeSH_Flow Rate, Voumetric, Cumulative-1.19-UP-40.GAD-MeSH_indicates that support of a property is optional\MeSH_Notification'",Exhaust Fan Status
193,193,OBJECT_BINARY_INPUT_3001101,"MeSH_Boiler'NAE06/MeSH_Flow Rate, Voumetric, Cumulative-1.19-UP-41.DAD1-MeSH_indicates that support of a property is optional\MeSH_Notification'",Gas Fired Unit 5 Status
194,194,OBJECT_BINARY_INPUT_3001102,"MeSH_Boiler'NAE06/MeSH_Flow Rate, Voumetric, Cumulative-1.19-UP-41.GAD-MeSH_indicates that support of a property is optional\MeSH_Notification'",Exhaust Fan Status
195,195,OBJECT_BINARY_INPUT_3001229,"MeSH_Boiler'NAE06/MeSH_Flow Rate, Voumetric, Cumulative-1.19-UP-42.DAD1-MeSH_indicates that support of a property is optional\MeSH_Notification'",Supply Fan 05 Status
196,196,OBJECT_BINARY_INPUT_3001231,"MeSH_Boiler'NAE06/MeSH_Flow Rate, Voumetric, Cumulative-1.19-UP-42.GAD-MeSH_indicates that support of a property is optional\MeSH_Notification'",Supply Fan Status
197,197,OBJECT_BINARY_INPUT_3001240,"MeSH_Boiler'NAE06/MeSH_Flow Rate, Voumetric, Cumulative-1.20-UP-36.DAD1-MeSH_indicates that support of a property is optional\MeSH_Notification'",Preheat Pump Status
198,198,OBJECT_BINARY_INPUT_3001241,"MeSH_Boiler'NAE06/MeSH_Flow Rate, Voumetric, Cumulative-1.20-UP-36.GAD-MeSH_indicates that support of a property is optional\MeSH_Notification'",Exhaust Fan Status
199,199,OBJECT_BINARY_INPUT_3001291,"MeSH_Boiler'NAE06/MeSH_Flow Rate, Voumetric, Cumulative-1.19-UP-71.Analog Outputs.AO-11548\MeSH_Notification'",Preheat Pump Status
200,200,OBJECT_BINARY_INPUT_3001292,"MeSH_Boiler'NAE06/MeSH_Flow Rate, Voumetric, Cumulative-1.19-UP-71.Analog Outputs.AO-2033\MeSH_Notification'",Supply Fan Status
201,201,OBJECT_BINARY_INPUT_3001293,"MeSH_Boiler'NAE06/MeSH_Flow Rate, Voumetric, Cumulative-1.19-UP-72.Analog Outputs.AO-2033\MeSH_Notification'",Exhaust Fan Status
202,202,OBJECT_BINARY_INPUT_3001317,"MeSH_Boiler'NAE06/MeSH_Flow Rate, Voumetric, Cumulative-1.19-UP-73.Analog Outputs.AO-2033\MeSH_Notification'",Fan Status
203,203,OBJECT_BINARY_INPUT_3001334,"MeSH_Boiler'NAE06/MeSH_Flow Rate, Voumetric, Cumulative-1.19-UP-74.Analog Outputs.AO-2033\MeSH_Notification'",Fan Status
204,204,OBJECT_BINARY_INPUT_3001346,"MeSH_Boiler'NAE06/MeSH_Flow Rate, Voumetric, Cumulative-1.19-UP-75.Analog Outputs.AO-2033\MeSH_Notification'",Supply Fan 05 Status
205,205,OBJECT_BINARY_INPUT_3001350,"MeSH_Boiler'NAE06/MeSH_Flow Rate, Voumetric, Cumulative-1.19-UP-76.Analog Outputs.AO-2033\MeSH_Notification'",Preheat Pump Status
206,206,OBJECT_BINARY_INPUT_3001351,"MeSH_Boiler'NAE06/MeSH_Flow Rate, Voumetric, Cumulative-1.19-UP-77.Analog Outputs.AO-2033\MeSH_Notification'",Exhaust Fan Status
207,207,OBJECT_BINARY_INPUT_3001354,"MeSH_Boiler'NAE06/MeSH_Flow Rate, Voumetric, Cumulative-1.19-UP-79.CLG-MeSH_indicates that support of a property is optional\MeSH_Notification'",Exhaust Fan Status
208,208,OBJECT_BINARY_INPUT_3001928,"MeSH_Boiler'NAE06/MeSH_Flow Rate, Voumetric, Cumulative-1.19-MeSH_Fan Coil Unit-80.CLG-MeSH_indicates that support of a property is optional\MeSH_Notification'",FCU Supply Fan Status
209,209,OBJECT_BINARY_INPUT_3001943,"MeSH_Boiler'NAE06/MeSH_Flow Rate, Voumetric, Cumulative-1.19-MeSH_Fan Coil Unit-78.CLG-MeSH_indicates that support of a property is optional\MeSH_Notification'",FCU Supply Fan Status
210,210,OBJECT_BINARY_INPUT_3001959,"MeSH_Boiler'NAE06/MeSH_Flow Rate, Voumetric, Cumulative-1.NAE6-T1-FEC57.MOAFLOW-SP\MeSH_Notification'",FCU Supply Fan Status
211,211,OBJECT_BINARY_INPUT_3001986,"MeSH_Boiler'NAE06/MeSH_Flow Rate, Voumetric, Cumulative-1.NAE6-T1-FEC57.ZNP-SP\MeSH_Notification'",FCU Supply Fan Status
212,212,OBJECT_BINARY_INPUT_3002033,"MeSH_Boiler'NAE06/MeSH_Flow Rate, Voumetric, Cumulative-1.NAE6-T1-FEC57.SAT-SP\MeSH_Notification'",Kitchen EF Request to Run from Ecology
213,213,OBJECT_BINARY_OUTPUT_3000129,"MeSH_Boiler'NAE06/MeSH_Flow Rate, Voumetric, Cumulative-1.NAE6-T1-FEC57.MeSH_Return Air MeSH_CO2 Setpoint\MeSH_Notification'",Exhaust Air Damper Command
214,214,OBJECT_BINARY_OUTPUT_3001007,"MeSH_Boiler'NAE06/MeSH_Flow Rate, Voumetric, Cumulative-1.NAE6-T1-FEC57.Flow-SP\MeSH_Notification'",FCU-2 Supply Fan Command
215,215,OBJECT_BINARY_OUTPUT_3001010,"MeSH_Boiler'NAE06/MeSH_Flow Rate, Voumetric, Cumulative-1.NAE6-T1-FEC58.FLUSHPOS\MeSH_Notification'",Preheat Pump Command
216,216,OBJECT_BINARY_OUTPUT_3001023,"MeSH_Boiler'NAE06/MeSH_Flow Rate, Voumetric, Cumulative-1.NAE6-T1-FEC58.ZN1T-SP\MeSH_Notification'",Motor 1 Command
217,217,OBJECT_BINARY_OUTPUT_3001031,"MeSH_Boiler'NAE06/MeSH_Flow Rate, Voumetric, Cumulative-1.NAE6-T1-FEC58.ZN2T-SP\MeSH_Notification'",Exhaust Fan Command
218,218,OBJECT_BINARY_OUTPUT_3001096,"MeSH_Boiler'NAE06/MeSH_Flow Rate, Voumetric, Cumulative-1.NAE6-T1-FEC58.ZN2-DMP-MAX\MeSH_Notification'",Exhaust Fan Command
219,219,OBJECT_BINARY_OUTPUT_3001236,"MeSH_Boiler'NAE06/MeSH_Flow Rate, Voumetric, Cumulative-1.NAE6-T1-FEC58.ZN1-DMP-MAX\MeSH_Notification'",Supply Fan 05 Command
220,220,OBJECT_BINARY_OUTPUT_3001239,"MeSH_Boiler'NAE06/MeSH_Flow Rate, Voumetric, Cumulative-1.NAE6-T1-FEC59.FLUSHPOS\MeSH_Notification'",Preheat Pump Command
221,221,OBJECT_BINARY_OUTPUT_3001242,"MeSH_Boiler'NAE06/MeSH_Flow Rate, Voumetric, Cumulative-1.NAE6-T1-FEC59.ZN1T-SP\MeSH_Notification'",Exhaust Fan Command
222,222,OBJECT_BINARY_OUTPUT_3001264,"MeSH_Boiler'NAE06/MeSH_Flow Rate, Voumetric, Cumulative-1.NAE6-T1-FEC59.ZN2T-SP\MeSH_Notification'",Fan Command
223,223,OBJECT_BINARY_OUTPUT_3001267,"MeSH_Boiler'NAE06/MeSH_Flow Rate, Voumetric, Cumulative-1.NAE6-T1-FEC59.ZN2-DMP-MAX\MeSH_Notification'",Fan 2 Command
224,224,OBJECT_BINARY_OUTPUT_3001290,"MeSH_Boiler'NAE06/MeSH_Flow Rate, Voumetric, Cumulative-1.NAE6-T1-FEC59.ZN1-DMP-MAX\MeSH_Notification'",Preheat Pump Command
225,225,OBJECT_BINARY_OUTPUT_3001294,"MeSH_Boiler'NAE06/MeSH_Flow Rate, Voumetric, Cumulative-1.NAE6-T1-FEC60.FLUSHPOS\MeSH_Notification'",Exhaust Fan Command
226,226,OBJECT_BINARY_OUTPUT_3001318,"MeSH_Boiler'NAE06/MeSH_Flow Rate, Voumetric, Cumulative-1.NAE6-T1-FEC60.ZN1T-SP\MeSH_Notification'",Heating Command
227,227,OBJECT_BINARY_OUTPUT_3001319,"MeSH_Boiler'NAE06/MeSH_Flow Rate, Voumetric, Cumulative-1.NAE6-T1-FEC60.ZN2T-SP\MeSH_Notification'",FAN COMMAND
228,228,OBJECT_BINARY_OUTPUT_3001335,"MeSH_Boiler'NAE06/MeSH_Flow Rate, Voumetric, Cumulative-1.NAE6-T1-FEC60.ZN2-DMP-MAX\MeSH_Notification'",Heating Command
229,229,OBJECT_BINARY_OUTPUT_3001336,"MeSH_Boiler'NAE06/MeSH_Flow Rate, Voumetric, Cumulative-1.NAE6-T1-FEC60.ZN1-DMP-MAX\MeSH_Notification'",FAN COMMAND
230,230,OBJECT_BINARY_OUTPUT_3001352,"MeSH_Boiler'NAE06/MeSH_Flow Rate, Voumetric, Cumulative-1.NAE6-T1-FEC61.FLUSHPOS\MeSH_Notification'",Exhaust Fan Command
231,231,OBJECT_BINARY_OUTPUT_3001553,"MeSH_Boiler'NAE06/MeSH_Flow Rate, Voumetric, Cumulative-1.NAE6-T1-FEC61.ZN1T-SP\MeSH_Notification'",Motor 1 Command
232,232,OBJECT_BINARY_OUTPUT_3001556,"MeSH_Boiler'NAE06/MeSH_Flow Rate, Voumetric, Cumulative-1.NAE6-T1-FEC61.ZN2T-SP\MeSH_Notification'",Boiler 2 Enable
233,233,OBJECT_BINARY_OUTPUT_3001560,"MeSH_Boiler'NAE06/MeSH_Flow Rate, Voumetric, Cumulative-1.NAE6-T1-FEC61.ZN2-DMP-MAX\MeSH_Notification'",Motor 1 Command
234,234,OBJECT_BINARY_OUTPUT_3001930,"MeSH_Boiler'NAE06/MeSH_Flow Rate, Voumetric, Cumulative-1.NAE6-T1-FEC61.ZN1-DMP-MAX\MeSH_Notification'",FCU Supply Fan Command
235,235,OBJECT_BINARY_OUTPUT_3001945,"MeSH_Boiler'NAE06/MeSH_Flow Rate, Voumetric, Cumulative-1.NAE6-T1-FEC62.FLUSHPOS\MeSH_Notification'",FCU Supply Fan Command
236,236,OBJECT_BINARY_OUTPUT_3001961,"MeSH_Boiler'NAE06/MeSH_Flow Rate, Voumetric, Cumulative-1.NAE6-T1-FEC62.ZN1T-SP\MeSH_Notification'",FCU Supply Fan Command
237,237,OBJECT_BINARY_OUTPUT_3001988,"MeSH_Boiler'NAE06/MeSH_Flow Rate, Voumetric, Cumulative-1.NAE6-T1-FEC62.ZN2T-SP\MeSH_Notification'",FCU Supply Fan Command
238,238,OBJECT_BINARY_OUTPUT_3002031,"MeSH_Boiler'NAE06/MeSH_Flow Rate, Voumetric, Cumulative-1.NAE6-T1-FEC62.ZN2-DMP-MAX\MeSH_Notification'",Kitchen Ecology Enable
239,239,OBJECT_BINARY_VALUE_3001260,"MeSH_Boiler'NAE06/MeSH_Flow Rate, Voumetric, Cumulative-1.NAE6-T1-FEC62.ZN1-DMP-MAX\MeSH_Notification'",CS Input (Boolean)
240,240,OBJECT_BINARY_VALUE_3001548,"MeSH_Boiler'NAE06/MeSH_Flow Rate, Voumetric, Cumulative-1.NAE6-T1-FEC63.FLUSHPOS\MeSH_Notification'",CS Input (Boolean)
241,241,OBJECT_BINARY_VALUE_3001557,"MeSH_Boiler'NAE06/MeSH_Flow Rate, Voumetric, Cumulative-1.NAE6-T1-FEC63.ZN1T-SP\MeSH_Notification'",CS Input (Boolean)
242,242,OBJECT_BINARY_VALUE_3001889,"MeSH_Boiler'NAE06/MeSH_Flow Rate, Voumetric, Cumulative-1.NAE6-T1-FEC63.ZN2T-SP\MeSH_Notification'",
243,243,OBJECT_BINARY_VALUE_3001932,"MeSH_Boiler'NAE06/MeSH_Flow Rate, Voumetric, Cumulative-1.NAE6-T1-FEC63.ZN2-DMP-MAX\MeSH_Notification'",Cooling Enable
244,244,OBJECT_BINARY_VALUE_3001942,"MeSH_Boiler'NAE06/MeSH_Flow Rate, Voumetric, Cumulative-1.NAE6-T1-FEC63.ZN1-DMP-MAX\MeSH_Notification'",Zone Temporary Occupancy
245,245,OBJECT_BINARY_VALUE_3001947,"MeSH_Boiler'NAE06/MeSH_Flow Rate, Voumetric, Cumulative-1.NAE6-T1-FEC64.FLUSHPOS\MeSH_Notification'",Cooling Enable
246,246,OBJECT_BINARY_VALUE_3001958,"MeSH_Boiler'NAE06/MeSH_Flow Rate, Voumetric, Cumulative-1.NAE6-T1-FEC64.ZN1T-SP\MeSH_Notification'",Zone Temporary Occupancy Mode
247,247,OBJECT_BINARY_VALUE_3001963,"MeSH_Boiler'NAE06/MeSH_Flow Rate, Voumetric, Cumulative-1.NAE6-T1-FEC64.ZN2T-SP\MeSH_Notification'",Cooing Enable
248,248,OBJECT_BINARY_VALUE_3001985,"MeSH_Boiler'NAE06/MeSH_Flow Rate, Voumetric, Cumulative-1.NAE6-T1-FEC64.ZN2-DMP-MAX\MeSH_Notification'",Zone Temporary Occupancy Mode
249,249,OBJECT_BINARY_VALUE_3001990,"MeSH_Boiler'NAE06/MeSH_Flow Rate, Voumetric, Cumulative-1.NAE6-T1-FEC64.ZN1-DMP-MAX\MeSH_Notification'",Cooling Enable
250,250,OBJECT_BINARY_VALUE_3004803,"MeSH_Boiler'NAE06/MeSH_Flow Rate, Voumetric, Cumulative-1.NAE6-T1-FEC65.FLUSHPOS\MeSH_Notification'",E3 Point Station Relay Output
251,251,OBJECT_BINARY_VALUE_3004804,"MeSH_Boiler'NAE06/MeSH_Flow Rate, Voumetric, Cumulative-1.NAE6-T1-FEC65.ZN1T-SP\MeSH_Notification'",E3 Point Station Relay Output
252,252,OBJECT_BINARY_VALUE_3004805,"MeSH_Boiler'NAE06/MeSH_Flow Rate, Voumetric, Cumulative-1.NAE6-T1-FEC65.ZN2T-SP\MeSH_Notification'",E3 Point Station Relay Output
253,253,OBJECT_BINARY_VALUE_3004806,"MeSH_Boiler'NAE06/MeSH_Flow Rate, Voumetric, Cumulative-1.NAE6-T1-FEC65.ZN2-DMP-MAX\MeSH_Notification'",E3 Point Station Relay Output
254,254,OBJECT_BINARY_VALUE_3004807,"MeSH_Boiler'NAE06/MeSH_Flow Rate, Voumetric, Cumulative-1.NAE6-T1-FEC65.ZN1-DMP-MAX\MeSH_Notification'",E3 Point Station Relay Output
255,255,OBJECT_BINARY_VALUE_3004808,"MeSH_Boiler'NAE06/MeSH_Flow Rate, Voumetric, Cumulative-1.NAE6-T1-FEC66.FLUSHPOS\MeSH_Notification'",E3 Point Station Relay Output
256,256,OBJECT_BINARY_VALUE_3004809,"MeSH_Boiler'NAE06/MeSH_Flow Rate, Voumetric, Cumulative-1.NAE6-T1-FEC66.ZN1T-SP\MeSH_Notification'",E3 Point Station Relay Output
257,257,OBJECT_BINARY_VALUE_3004811,"MeSH_Boiler'NAE06/MeSH_Flow Rate, Voumetric, Cumulative-1.NAE6-T1-FEC66.ZN2T-SP\MeSH_Notification'",E3 Point Station Relay Output
258,258,OBJECT_BINARY_VALUE_3004823,"MeSH_Boiler'NAE06/MeSH_Flow Rate, Voumetric, Cumulative-1.NAE6-T1-FEC66.ZN2-DMP-MAX\MeSH_Notification'",E3 Point Station Relay Output
259,259,OBJECT_BINARY_VALUE_3004826,"MeSH_Boiler'NAE06/MeSH_Flow Rate, Voumetric, Cumulative-1.NAE6-T1-FEC66.ZN1-DMP-MAX\MeSH_Notification'",E3 Point Station Relay Output
260,260,OBJECT_BINARY_VALUE_3004827,"MeSH_Boiler'NAE06/MeSH_Flow Rate, Voumetric, Cumulative-1.NAE6-T1-FEC67.FLUSHPOS\MeSH_Notification'",E3 Point Station Relay Output
261,261,OBJECT_BINARY_VALUE_3004828,"MeSH_Boiler'NAE06/MeSH_Flow Rate, Voumetric, Cumulative-1.NAE6-T1-FEC67.ZN1T-SP\MeSH_Notification'",E3 Point Station Relay Output
262,262,OBJECT_BINARY_VALUE_3004832,"MeSH_Boiler'NAE06/MeSH_Flow Rate, Voumetric, Cumulative-1.NAE6-T1-FEC67.ZN2T-SP\MeSH_Notification'",E3 Point Station Relay Output
263,263,OBJECT_BINARY_VALUE_3004833,"MeSH_Boiler'NAE06/MeSH_Flow Rate, Voumetric, Cumulative-1.NAE6-T1-FEC67.ZN2-DMP-MAX\MeSH_Notification'",E3 Point Station Relay Output
264,264,OBJECT_BINARY_VALUE_3004836,"MeSH_Boiler'NAE06/MeSH_Flow Rate, Voumetric, Cumulative-1.NAE6-T1-FEC67.ZN1-DMP-MAX\MeSH_Notification'",Exhaust Fan 1 Status
265,265,OBJECT_BINARY_VALUE_3004837,"MeSH_Boiler'NAE06/MeSH_Flow Rate, Voumetric, Cumulative-1.NAE6-T1-FEC68.FLUSHPOS\MeSH_Notification'",Exhaust Fan 2 Status
266,266,OBJECT_BINARY_VALUE_3004838,"MeSH_Boiler'NAE06/MeSH_Flow Rate, Voumetric, Cumulative-1.NAE6-T1-FEC68.ZN1T-SP\MeSH_Notification'",Exhaust Fan 3 Status
267,267,OBJECT_BINARY_VALUE_3004839,"MeSH_Boiler'NAE06/MeSH_Flow Rate, Voumetric, Cumulative-1.NAE6-T1-FEC68.ZN2T-SP\MeSH_Notification'",Exhaust Fan 4 Status
268,268,OBJECT_BINARY_VALUE_3004840,"MeSH_Boiler'NAE06/MeSH_Flow Rate, Voumetric, Cumulative-1.NAE6-T1-FEC68.ZN2-DMP-MAX\MeSH_Notification'",Exhaust Fan 5 Status
269,269,OBJECT_BINARY_VALUE_3004841,"MeSH_Boiler'NAE06/MeSH_Flow Rate, Voumetric, Cumulative-1.NAE6-T1-FEC68.ZN1-DMP-MAX\MeSH_Notification'",Exhaust Fan 6 Status
270,270,OBJECT_BINARY_VALUE_3004842,"MeSH_Boiler'NAE06/MeSH_Flow Rate, Voumetric, Cumulative-1.NAE6-T1-FEC44.MOAFLOW-SP\MeSH_Notification'",E3 Point Station Relay Output
271,271,OBJECT_BINARY_VALUE_3004843,"MeSH_Boiler'NAE06/MeSH_Flow Rate, Voumetric, Cumulative-1.NAE6-T1-FEC44.ZNP-SP\MeSH_Notification'",E3 Point Station Relay Output
272,272,OBJECT_PROGRAM_3000484,"MeSH_Boiler'NAE06/MeSH_Flow Rate, Voumetric, Cumulative-1.NAE6-T1-FEC44.SAT-SP\MeSH_Notification'",
273,273,OBJECT_PROGRAM_3001415,"MeSH_Boiler'NAE06/MeSH_Flow Rate, Voumetric, Cumulative-1.NAE6-T1-FEC44.MeSH_Return Air MeSH_CO2 Setpoint\MeSH_Notification'",
274,274,OBJECT_SCHEDULE_3001760,"MeSH_Boiler'NAE06/MeSH_Flow Rate, Voumetric, Cumulative-1.NAE6-T1-FEC44.Flow-SP\MeSH_Notification'",
275,275,OBJECT_SCHEDULE_3001761,"MeSH_Boiler'NAE06/MeSH_Flow Rate, Voumetric, Cumulative-1.NAE6-T1-FEC45.FLUSHPOS\MeSH_Notification'",
276,276,OBJECT_SCHEDULE_3001762,"MeSH_Boiler'NAE06/MeSH_Flow Rate, Voumetric, Cumulative-1.NAE6-T1-FEC45.ZN1T-SP\MeSH_Notification'",
277,277,OBJECT_SCHEDULE_3001799,"MeSH_Boiler'NAE06/MeSH_Flow Rate, Voumetric, Cumulative-1.NAE6-T1-FEC45.ZN2T-SP\MeSH_Notification'",
278,278,OBJECT_SCHEDULE_3001848,"MeSH_Boiler'NAE06/MeSH_Flow Rate, Voumetric, Cumulative-1.NAE6-T1-FEC45.ZN2-DMP-MAX\MeSH_Notification'",
279,279,OBJECT_SCHEDULE_3001971,"MeSH_Boiler'NAE06/MeSH_Flow Rate, Voumetric, Cumulative-1.NAE6-T1-FEC45.ZN1-DMP-MAX\MeSH_Notification'",
280,280,OBJECT_SCHEDULE_3002427,"MeSH_Boiler'NAE06/MeSH_Flow Rate, Voumetric, Cumulative-1.NAE6-T1-FEC46.FLUSHPOS\MeSH_Notification'",
281,281,OBJECT_SCHEDULE_3002598,"MeSH_Boiler'NAE06/MeSH_Flow Rate, Voumetric, Cumulative-1.NAE6-T1-FEC46.ZN1T-SP\MeSH_Notification'",
282,282,OBJECT_SCHEDULE_3004985,"MeSH_Boiler'NAE06/MeSH_Flow Rate, Voumetric, Cumulative-1.NAE6-T1-FEC46.ZN2T-SP\MeSH_Notification'",
283,283,OBJECT_MULTI_STATE_VALUE_3000131,"MeSH_Boiler'NAE06/MeSH_Flow Rate, Voumetric, Cumulative-1.NAE6-T1-FEC46.ZN2-DMP-MAX\MeSH_Notification'",CS Input (Enum)
284,284,OBJECT_MULTI_STATE_VALUE_3001005,"MeSH_Boiler'NAE06/MeSH_Flow Rate, Voumetric, Cumulative-1.NAE6-T1-FEC46.ZN1-DMP-MAX\MeSH_Notification'",CS Input (Enum)
285,285,OBJECT_MULTI_STATE_VALUE_3001020,"MeSH_Boiler'NAE06/MeSH_Flow Rate, Voumetric, Cumulative-1.NAE6-T1-FEC47.FLUSHPOS\MeSH_Notification'",CS Input (Enum)
286,286,OBJECT_MULTI_STATE_VALUE_3001021,"MeSH_Boiler'NAE06/MeSH_Flow Rate, Voumetric, Cumulative-1.NAE6-T1-FEC47.ZN1T-SP\MeSH_Notification'",CS Input (Enum)
287,287,OBJECT_MULTI_STATE_VALUE_3001095,"MeSH_Boiler'NAE06/MeSH_Flow Rate, Voumetric, Cumulative-1.NAE6-T1-FEC47.ZN2T-SP\MeSH_Notification'",CS Input (Enum)
288,288,OBJECT_MULTI_STATE_VALUE_3001108,"MeSH_Boiler'NAE06/MeSH_Flow Rate, Voumetric, Cumulative-1.NAE6-T1-FEC47.ZN2-DMP-MAX\MeSH_Notification'",
289,289,OBJECT_MULTI_STATE_VALUE_3001109,"MeSH_Boiler'NAE06/MeSH_Flow Rate, Voumetric, Cumulative-1.NAE6-T1-FEC47.ZN1-DMP-MAX\MeSH_Notification'",
290,290,OBJECT_MULTI_STATE_VALUE_3001168,"MeSH_Boiler'NAE06/MeSH_Flow Rate, Voumetric, Cumulative-1.NAE6-T1-FEC48.FLUSHPOS\MeSH_Notification'",
291,291,OBJECT_MULTI_STATE_VALUE_3001169,"MeSH_Boiler'NAE06/MeSH_Flow Rate, Voumetric, Cumulative-1.NAE6-T1-FEC48.ZN1T-SP\MeSH_Notification'",
292,292,OBJECT_MULTI_STATE_VALUE_3001182,"MeSH_Boiler'NAE06/MeSH_Flow Rate, Voumetric, Cumulative-1.NAE6-T1-FEC48.ZN2T-SP\MeSH_Notification'",
293,293,OBJECT_MULTI_STATE_VALUE_3001183,"MeSH_Boiler'NAE06/MeSH_Flow Rate, Voumetric, Cumulative-1.NAE6-T1-FEC48.ZN2-DMP-MAX\MeSH_Notification'",
294,294,OBJECT_MULTI_STATE_VALUE_3001184,"MeSH_Boiler'NAE06/MeSH_Flow Rate, Voumetric, Cumulative-1.NAE6-T1-FEC48.ZN1-DMP-MAX\MeSH_Notification'",
295,295,OBJECT_MULTI_STATE_VALUE_3001185,"MeSH_Boiler'NAE06/MeSH_Flow Rate, Voumetric, Cumulative-1.NAE6-T1-FEC49.FLUSHPOS\MeSH_Notification'",
296,296,OBJECT_MULTI_STATE_VALUE_3001200,"MeSH_Boiler'NAE06/MeSH_Flow Rate, Voumetric, Cumulative-1.NAE6-T1-FEC49.ZN1T-SP\MeSH_Notification'",
297,297,OBJECT_MULTI_STATE_VALUE_3001201,"MeSH_Boiler'NAE06/MeSH_Flow Rate, Voumetric, Cumulative-1.NAE6-T1-FEC49.ZN2T-SP\MeSH_Notification'",
298,298,OBJECT_MULTI_STATE_VALUE_3001216,"MeSH_Boiler'NAE06/MeSH_Flow Rate, Voumetric, Cumulative-1.NAE6-T1-FEC49.ZN2-DMP-MAX\MeSH_Notification'",
299,299,OBJECT_MULTI_STATE_VALUE_3001217,"MeSH_Boiler'NAE06/MeSH_Flow Rate, Voumetric, Cumulative-1.NAE6-T1-FEC49.ZN1-DMP-MAX\MeSH_Notification'",
300,300,OBJECT_MULTI_STATE_VALUE_3001219,"MeSH_Boiler'NAE06/MeSH_Flow Rate, Voumetric, Cumulative-1.NAE6-T1-FEC50.FLUSHPOS\MeSH_Notification'",
301,301,OBJECT_MULTI_STATE_VALUE_3001220,"MeSH_Boiler'NAE06/MeSH_Flow Rate, Voumetric, Cumulative-1.NAE6-T1-FEC50.ZN1T-SP\MeSH_Notification'",
302,302,OBJECT_MULTI_STATE_VALUE_3001221,"MeSH_Boiler'NAE06/MeSH_Flow Rate, Voumetric, Cumulative-1.NAE6-T1-FEC50.ZN2T-SP\MeSH_Notification'",
303,303,OBJECT_MULTI_STATE_VALUE_3001222,"MeSH_Boiler'NAE06/MeSH_Flow Rate, Voumetric, Cumulative-1.NAE6-T1-FEC50.ZN2-DMP-MAX\MeSH_Notification'",
304,304,OBJECT_MULTI_STATE_VALUE_3001223,"MeSH_Boiler'NAE06/MeSH_Flow Rate, Voumetric, Cumulative-1.NAE6-T1-FEC50.ZN1-DMP-MAX\MeSH_Notification'",
305,305,OBJECT_MULTI_STATE_VALUE_3001225,"MeSH_Boiler'NAE06/MeSH_Flow Rate, Voumetric, Cumulative-1.NAE6-T1-FEC51.FLUSHPOS\MeSH_Notification'",
306,306,OBJECT_MULTI_STATE_VALUE_3001232,"MeSH_Boiler'NAE06/MeSH_Flow Rate, Voumetric, Cumulative-1.NAE6-T1-FEC51.ZN1T-SP\MeSH_Notification'",State
307,307,OBJECT_MULTI_STATE_VALUE_3001233,"MeSH_Boiler'NAE06/MeSH_Flow Rate, Voumetric, Cumulative-1.NAE6-T1-FEC51.ZN2T-SP\MeSH_Notification'",CS Input (Enum)
308,308,OBJECT_MULTI_STATE_VALUE_3001234,"MeSH_Boiler'NAE06/MeSH_Flow Rate, Voumetric, Cumulative-1.NAE6-T1-FEC51.ZN2-DMP-MAX\MeSH_Notification'",CS Input (Enum)
309,309,OBJECT_MULTI_STATE_VALUE_3001284,"MeSH_Boiler'NAE06/MeSH_Flow Rate, Voumetric, Cumulative-1.NAE6-T1-FEC51.ZN1-DMP-MAX\MeSH_Notification'",
310,310,OBJECT_MULTI_STATE_VALUE_3001285,"MeSH_Boiler'NAE06/MeSH_Flow Rate, Voumetric, Cumulative-1.NAE6-T1-FEC52.FLUSHPOS\MeSH_Notification'",CS Input (Enum)
311,311,OBJECT_MULTI_STATE_VALUE_3001286,"MeSH_Boiler'NAE06/MeSH_Flow Rate, Voumetric, Cumulative-1.NAE6-T1-FEC52.ZN1T-SP\MeSH_Notification'",
312,312,OBJECT_MULTI_STATE_VALUE_3001314,"MeSH_Boiler'NAE06/MeSH_Flow Rate, Voumetric, Cumulative-1.NAE6-T1-FEC52.ZN2T-SP\MeSH_Notification'",CS Input (Enum)
313,313,OBJECT_MULTI_STATE_VALUE_3001331,"MeSH_Boiler'NAE06/MeSH_Flow Rate, Voumetric, Cumulative-1.NAE6-T1-FEC52.ZN2-DMP-MAX\MeSH_Notification'",CS Input (Enum)
314,314,OBJECT_MULTI_STATE_VALUE_3001339,"MeSH_Boiler'NAE06/MeSH_Flow Rate, Voumetric, Cumulative-1.NAE6-T1-FEC52.ZN1-DMP-MAX\MeSH_Notification'",
315,315,OBJECT_MULTI_STATE_VALUE_3001347,"MeSH_Boiler'NAE06/MeSH_Flow Rate, Voumetric, Cumulative-1.NAE6-T1-FEC53.FLUSHPOS\MeSH_Notification'",CS Input (Enum)
316,316,OBJECT_MULTI_STATE_VALUE_3001348,"MeSH_Boiler'NAE06/MeSH_Flow Rate, Voumetric, Cumulative-1.NAE6-T1-FEC53.ZN1T-SP\MeSH_Notification'",CS Input (Enum)
317,317,OBJECT_MULTI_STATE_VALUE_3001383,"MeSH_Boiler'NAE06/MeSH_Flow Rate, Voumetric, Cumulative-1.NAE6-T1-FEC53.ZN2T-SP\MeSH_Notification'",
318,318,OBJECT_MULTI_STATE_VALUE_3001384,"MeSH_Boiler'NAE06/MeSH_Flow Rate, Voumetric, Cumulative-1.NAE6-T1-FEC53.ZN2-DMP-MAX\MeSH_Notification'",
319,319,OBJECT_MULTI_STATE_VALUE_3001385,"MeSH_Boiler'NAE06/MeSH_Flow Rate, Voumetric, Cumulative-1.NAE6-T1-FEC53.ZN1-DMP-MAX\MeSH_Notification'",
320,320,OBJECT_MULTI_STATE_VALUE_3001653,"MeSH_Boiler'NAE06/MeSH_Flow Rate, Voumetric, Cumulative-1.NAE6-T1-FEC54.FLUSHPOS\MeSH_Notification'",
321,321,OBJECT_MULTI_STATE_VALUE_3001654,"MeSH_Boiler'NAE06/MeSH_Flow Rate, Voumetric, Cumulative-1.NAE6-T1-FEC54.ZN1T-SP\MeSH_Notification'",
322,322,OBJECT_MULTI_STATE_VALUE_3001655,"MeSH_Boiler'NAE06/MeSH_Flow Rate, Voumetric, Cumulative-1.NAE6-T1-FEC54.ZN2T-SP\MeSH_Notification'",
323,323,OBJECT_MULTI_STATE_VALUE_3001697,"MeSH_Boiler'NAE06/MeSH_Flow Rate, Voumetric, Cumulative-1.NAE6-T1-FEC54.ZN2-DMP-MAX\MeSH_Notification'",
324,324,OBJECT_MULTI_STATE_VALUE_3001866,"MeSH_Boiler'NAE06/MeSH_Flow Rate, Voumetric, Cumulative-1.NAE6-T1-FEC54.ZN1-DMP-MAX\MeSH_Notification'",CS Input (Enum)
325,325,OBJECT_MULTI_STATE_VALUE_3001867,"MeSH_Boiler'NAE06/MeSH_Flow Rate, Voumetric, Cumulative-1.NAE6-T1-FEC55.FLUSHPOS\MeSH_Notification'",CS Input (Enum)
326,326,OBJECT_MULTI_STATE_VALUE_3001868,"MeSH_Boiler'NAE06/MeSH_Flow Rate, Voumetric, Cumulative-1.NAE6-T1-FEC55.ZN1T-SP\MeSH_Notification'",CS Input (Enum)
327,327,OBJECT_MULTI_STATE_VALUE_3001890,"MeSH_Boiler'NAE06/MeSH_Flow Rate, Voumetric, Cumulative-1.NAE6-T1-FEC55.ZN2T-SP\MeSH_Notification'",
328,328,OBJECT_MULTI_STATE_VALUE_3001891,"MeSH_Boiler'NAE06/MeSH_Flow Rate, Voumetric, Cumulative-1.NAE6-T1-FEC55.ZN2-DMP-MAX\MeSH_Notification'",
329,329,OBJECT_MULTI_STATE_VALUE_3001893,"MeSH_Boiler'NAE06/MeSH_Flow Rate, Voumetric, Cumulative-1.NAE6-T1-FEC55.ZN1-DMP-MAX\MeSH_Notification'",
330,330,OBJECT_MULTI_STATE_VALUE_3001894,"MeSH_Boiler'NAE06/MeSH_Flow Rate, Voumetric, Cumulative-1.NAE6-T1-VMA43.SAFLOW-SP\MeSH_Notification'",
331,331,OBJECT_MULTI_STATE_VALUE_3001895,"MeSH_Boiler'NAE06/MeSH_Flow Rate, Voumetric, Cumulative-1.NAE6-T1-VMA43.MeSH_local network source MAC layer address-MeSH_Flow Rate, Volumetric\MeSH_Notification'",
332,332,OBJECT_MULTI_STATE_VALUE_3001896,"MeSH_Boiler'NAE06/MeSH_Flow Rate, Voumetric, Cumulative-1.NAE6-T1-VMA56.SAFLOW-SP\MeSH_Notification'",
333,333,OBJECT_MULTI_STATE_VALUE_3001933,"MeSH_Boiler'NAE06/MeSH_Flow Rate, Voumetric, Cumulative-1.NAE6-T1-VMA56.MeSH_local network source MAC layer address-MeSH_Flow Rate, Volumetric\MeSH_Notification'",Occupancy Schedule
334,334,OBJECT_MULTI_STATE_VALUE_3001934,"MeSH_Boiler'NAE06/MeSH_Flow Rate, Voumetric, Cumulative-1.20-UP-37.Grill Max Position\MeSH_Notification'",System Mode
335,335,OBJECT_MULTI_STATE_VALUE_3001935,"MeSH_Boiler'NAE06/MeSH_Flow Rate, Voumetric, Cumulative-1.20-UP-37.MeSH_CO2 Sensor\MeSH_Notification'",Unit Enable Mode
336,336,OBJECT_MULTI_STATE_VALUE_3001937,"MeSH_Boiler'NAE06/MeSH_Flow Rate, Voumetric, Cumulative-1.20-UP-37.Damper Position\MeSH_Notification'",Effective Occupancy
337,337,OBJECT_MULTI_STATE_VALUE_3001940,"MeSH_Boiler'NAE06/MeSH_Flow Rate, Voumetric, Cumulative-1.20-UP-37.MeSH_CO2 Setpoint\MeSH_Notification'",Occupancy Mode
338,338,OBJECT_MULTI_STATE_VALUE_3001948,"MeSH_Boiler'NAE06/MeSH_Flow Rate, Voumetric, Cumulative-1.20-UP-37.MeSH_CO2 ERROR\MeSH_Notification'",Occupancy Schedule
339,339,OBJECT_MULTI_STATE_VALUE_3001949,"MeSH_Boiler'NAE06/MeSH_Flow Rate, Voumetric, Cumulative-1.20-UP-38.Grill Max Position\MeSH_Notification'",System Mode
340,340,OBJECT_MULTI_STATE_VALUE_3001950,"MeSH_Boiler'NAE06/MeSH_Flow Rate, Voumetric, Cumulative-1.20-UP-38.MeSH_CO2 Sensor\MeSH_Notification'",Unit Enable Mode
341,341,OBJECT_MULTI_STATE_VALUE_3001952,"MeSH_Boiler'NAE06/MeSH_Flow Rate, Voumetric, Cumulative-1.20-UP-38.Damper Position\MeSH_Notification'",Zone Temperature State
342,342,OBJECT_MULTI_STATE_VALUE_3001953,"MeSH_Boiler'NAE06/MeSH_Flow Rate, Voumetric, Cumulative-1.20-UP-38.MeSH_CO2 Setpoint\MeSH_Notification'",Effective Occupancy
343,343,OBJECT_MULTI_STATE_VALUE_3001956,"MeSH_Boiler'NAE06/MeSH_Flow Rate, Voumetric, Cumulative-1.20-UP-38.MeSH_CO2 ERROR\MeSH_Notification'",Occupancy Mode
344,344,OBJECT_MULTI_STATE_VALUE_3001964,"MeSH_Boiler'NAE06/MeSH_Flow Rate, Voumetric, Cumulative-1.19-UP-40.Grill Max Position\MeSH_Notification'",Occupancy Schedule
345,345,OBJECT_MULTI_STATE_VALUE_3001965,"MeSH_Boiler'NAE06/MeSH_Flow Rate, Voumetric, Cumulative-1.19-UP-40.MeSH_CO2 Sensor\MeSH_Notification'",System  Mode
346,346,OBJECT_MULTI_STATE_VALUE_3001966,"MeSH_Boiler'NAE06/MeSH_Flow Rate, Voumetric, Cumulative-1.19-UP-40.Damper Position\MeSH_Notification'",Unit Enable Mode
347,347,OBJECT_MULTI_STATE_VALUE_3001968,"MeSH_Boiler'NAE06/MeSH_Flow Rate, Voumetric, Cumulative-1.19-UP-40.MeSH_CO2 Setpoint\MeSH_Notification'",Zone Temperature State
348,348,OBJECT_MULTI_STATE_VALUE_3001969,"MeSH_Boiler'NAE06/MeSH_Flow Rate, Voumetric, Cumulative-1.19-UP-40.MeSH_CO2 ERROR\MeSH_Notification'",Effective Occupancy
349,349,OBJECT_MULTI_STATE_VALUE_3001973,"MeSH_Boiler'NAE06/MeSH_Flow Rate, Voumetric, Cumulative-1.19-UP-41.Grill Max Position\MeSH_Notification'",Occupancy Mode
350,350,OBJECT_MULTI_STATE_VALUE_3001974,"MeSH_Boiler'NAE06/MeSH_Flow Rate, Voumetric, Cumulative-1.19-UP-41.MeSH_CO2 Sensor\MeSH_Notification'",Zone Temporary Occupancy (from FCU-53)
351,351,OBJECT_MULTI_STATE_VALUE_3001983,"MeSH_Boiler'NAE06/MeSH_Flow Rate, Voumetric, Cumulative-1.19-UP-41.Damper Position\MeSH_Notification'",Occupancy Mode
352,352,OBJECT_MULTI_STATE_VALUE_3001991,"MeSH_Boiler'NAE06/MeSH_Flow Rate, Voumetric, Cumulative-1.19-UP-41.MeSH_CO2 Setpoint\MeSH_Notification'",Occupancy Schedule
353,353,OBJECT_MULTI_STATE_VALUE_3001992,"MeSH_Boiler'NAE06/MeSH_Flow Rate, Voumetric, Cumulative-1.19-UP-41.MeSH_CO2 ERROR\MeSH_Notification'",System Mode
354,354,OBJECT_MULTI_STATE_VALUE_3001993,"MeSH_Boiler'NAE06/MeSH_Flow Rate, Voumetric, Cumulative-1.19-UP-42.Grill Max Position\MeSH_Notification'",Unit Enable Mode
355,355,OBJECT_MULTI_STATE_VALUE_3001995,"MeSH_Boiler'NAE06/MeSH_Flow Rate, Voumetric, Cumulative-1.19-UP-42.MeSH_CO2 Sensor\MeSH_Notification'",Zone Temperature State
356,356,OBJECT_MULTI_STATE_VALUE_3001996,"MeSH_Boiler'NAE06/MeSH_Flow Rate, Voumetric, Cumulative-1.19-UP-42.Damper Position\MeSH_Notification'",Effective Occupancy Mode
357,357,OBJECT_MULTI_STATE_VALUE_3004745,"MeSH_Boiler'NAE06/MeSH_Flow Rate, Voumetric, Cumulative-1.19-UP-42.MeSH_CO2 Setpoint\MeSH_Notification'",State
358,358,OBJECT_MULTI_STATE_VALUE_3004746,"MeSH_Boiler'NAE06/MeSH_Flow Rate, Voumetric, Cumulative-1.19-UP-42.MeSH_CO2 ERROR\MeSH_Notification'",State
359,359,OBJECT_TRENDLOG_3000005,"MeSH_Boiler'NAE06/MeSH_Flow Rate, Voumetric, Cumulative-1.20-UP-36.Grill Max Position\MeSH_Notification'",
360,360,OBJECT_TRENDLOG_3001280,"MeSH_Boiler'NAE06/MeSH_Flow Rate, Voumetric, Cumulative-1.20-UP-36.MeSH_CO2 Sensor\MeSH_Notification'",
361,361,OBJECT_TRENDLOG_3001367,"MeSH_Boiler'NAE06/MeSH_Flow Rate, Voumetric, Cumulative-1.20-UP-36.Damper Position\MeSH_Notification'",
362,362,OBJECT_TRENDLOG_3001377,"MeSH_Boiler'NAE06/MeSH_Flow Rate, Voumetric, Cumulative-1.20-UP-36.MeSH_CO2 Setpoint\MeSH_Notification'",
363,363,OBJECT_TRENDLOG_3001378,"MeSH_Boiler'NAE06/MeSH_Flow Rate, Voumetric, Cumulative-1.NAE6-T1-VMA56.CLGOCC-SP\MeSH_Notification'",
364,364,OBJECT_TRENDLOG_3001407,"MeSH_Boiler'NAE06/MeSH_Flow Rate, Voumetric, Cumulative-1.NAE6-T1-VMA56.CLG-MAXFLOW\MeSH_Notification'",
365,365,OBJECT_TRENDLOG_3001408,"MeSH_Boiler'NAE06/MeSH_Flow Rate, Voumetric, Cumulative-1.NAE6-T1-VMA43.CLGOCC-SP\MeSH_Notification'",
366,366,OBJECT_TRENDLOG_3001409,"MeSH_Boiler'NAE06/MeSH_Flow Rate, Voumetric, Cumulative-1.NAE6-T1-VMA43.CLG-MAXFLOW\MeSH_Notification'",
367,367,OBJECT_TRENDLOG_3001411,"MeSH_Boiler'NAE06/MeSH_Flow Rate, Voumetric, Cumulative-1.NAE6-T1-VMA43.EAFLOW-SP\MeSH_Notification'",
368,368,OBJECT_TRENDLOG_3001545,"MeSH_Boiler'NAE06/MeSH_Flow Rate, Voumetric, Cumulative-1.NAE6-T1-VMA56.EAFLOW-SP\MeSH_Notification'",
369,369,OBJECT_TRENDLOG_3001566,"MeSH_Boiler'NAE06/MeSH_Flow Rate, Voumetric, Cumulative-1.NAE6-T1-FEC45.MeSH_variable air volume-DMP-MIN-POS\MeSH_Notification'",
370,370,OBJECT_TRENDLOG_3001568,"MeSH_Boiler'NAE06/MeSH_Flow Rate, Voumetric, Cumulative-1.NAE6-T1-FEC45.SUP-HTG-MIN-POS\MeSH_Notification'",
371,371,OBJECT_TRENDLOG_3001572,"MeSH_Boiler'NAE06/MeSH_Flow Rate, Voumetric, Cumulative-1.NAE6-T1-FEC58.MeSH_variable air volume-DMP-MIN-POS\MeSH_Notification'",
372,372,OBJECT_TRENDLOG_3001575,"MeSH_Boiler'NAE06/MeSH_Flow Rate, Voumetric, Cumulative-1.NAE6-T1-FEC58.SUP-HTG-MIN-POS\MeSH_Notification'",
373,373,OBJECT_TRENDLOG_3001578,"MeSH_Boiler'NAE06/MeSH_Flow Rate, Voumetric, Cumulative-1.NAE6-T1-FEC46.MeSH_variable air volume-DMP-MIN-POS\MeSH_Notification'",
374,374,OBJECT_TRENDLOG_3001579,"MeSH_Boiler'NAE06/MeSH_Flow Rate, Voumetric, Cumulative-1.NAE6-T1-FEC46.SUP-HTG-MIN-POS\MeSH_Notification'",
375,375,OBJECT_TRENDLOG_3001590,"MeSH_Boiler'NAE06/MeSH_Flow Rate, Voumetric, Cumulative-1.NAE6-T1-FEC59.MeSH_variable air volume-DMP-MIN-POS\MeSH_Notification'",
376,376,OBJECT_TRENDLOG_3001607,"MeSH_Boiler'NAE06/MeSH_Flow Rate, Voumetric, Cumulative-1.NAE6-T1-FEC59.SUP-HTG-MIN-POS\MeSH_Notification'",
377,377,OBJECT_TRENDLOG_3001756,"MeSH_Boiler'NAE06/MeSH_Flow Rate, Voumetric, Cumulative-1.NAE6-T1-FEC47.MeSH_variable air volume-DMP-MIN-POS\MeSH_Notification'",
378,378,OBJECT_TRENDLOG_3001765,"MeSH_Boiler'NAE06/MeSH_Flow Rate, Voumetric, Cumulative-1.NAE6-T1-FEC47.SUP-HTG-MIN-POS\MeSH_Notification'",
379,379,OBJECT_TRENDLOG_3001776,"MeSH_Boiler'NAE06/MeSH_Flow Rate, Voumetric, Cumulative-1.NAE6-T1-FEC60.MeSH_variable air volume-DMP-MIN-POS\MeSH_Notification'",
380,380,OBJECT_TRENDLOG_3001777,"MeSH_Boiler'NAE06/MeSH_Flow Rate, Voumetric, Cumulative-1.NAE6-T1-FEC60.SUP-HTG-MIN-POS\MeSH_Notification'",
381,381,OBJECT_TRENDLOG_3001778,"MeSH_Boiler'NAE06/MeSH_Flow Rate, Voumetric, Cumulative-1.NAE6-T1-FEC48.MeSH_variable air volume-DMP-MIN-POS\MeSH_Notification'",
382,382,OBJECT_TRENDLOG_3001840,"MeSH_Boiler'NAE06/MeSH_Flow Rate, Voumetric, Cumulative-1.NAE6-T1-FEC48.SUP-HTG-MIN-POS\MeSH_Notification'",
383,383,OBJECT_TRENDLOG_3001849,"MeSH_Boiler'NAE06/MeSH_Flow Rate, Voumetric, Cumulative-1.NAE6-T1-FEC61.MeSH_variable air volume-DMP-MIN-POS\MeSH_Notification'",
384,384,OBJECT_TRENDLOG_3001892,"MeSH_Boiler'NAE06/MeSH_Flow Rate, Voumetric, Cumulative-1.NAE6-T1-FEC61.SUP-HTG-MIN-POS\MeSH_Notification'",
385,385,OBJECT_TRENDLOG_3001897,"MeSH_Boiler'NAE06/MeSH_Flow Rate, Voumetric, Cumulative-1.NAE6-T1-FEC49.MeSH_variable air volume-DMP-MIN-POS\MeSH_Notification'",
386,386,OBJECT_TRENDLOG_3001898,"MeSH_Boiler'NAE06/MeSH_Flow Rate, Voumetric, Cumulative-1.NAE6-T1-FEC49.SUP-HTG-MIN-POS\MeSH_Notification'",
387,387,OBJECT_TRENDLOG_3001899,"MeSH_Boiler'NAE06/MeSH_Flow Rate, Voumetric, Cumulative-1.NAE6-T1-FEC62.MeSH_variable air volume-DMP-MIN-POS\MeSH_Notification'",
388,388,OBJECT_TRENDLOG_3002000,"MeSH_Boiler'NAE06/MeSH_Flow Rate, Voumetric, Cumulative-1.NAE6-T1-FEC62.SUP-HTG-MIN-POS\MeSH_Notification'",
389,389,OBJECT_TRENDLOG_3002002,"MeSH_Boiler'NAE06/MeSH_Flow Rate, Voumetric, Cumulative-1.NAE6-T1-FEC50.MeSH_variable air volume-DMP-MIN-POS\MeSH_Notification'",
390,390,OBJECT_TRENDLOG_3002003,"MeSH_Boiler'NAE06/MeSH_Flow Rate, Voumetric, Cumulative-1.NAE6-T1-FEC50.SUP-HTG-MIN-POS\MeSH_Notification'",
391,391,OBJECT_TRENDLOG_3002004,"MeSH_Boiler'NAE06/MeSH_Flow Rate, Voumetric, Cumulative-1.NAE6-T1-FEC63.MeSH_variable air volume-DMP-MIN-POS\MeSH_Notification'",
392,392,OBJECT_TRENDLOG_3002005,"MeSH_Boiler'NAE06/MeSH_Flow Rate, Voumetric, Cumulative-1.NAE6-T1-FEC63.SUP-HTG-MIN-POS\MeSH_Notification'",
393,393,OBJECT_TRENDLOG_3002007,"MeSH_Boiler'NAE06/MeSH_Flow Rate, Voumetric, Cumulative-1.NAE6-T1-FEC51.MeSH_variable air volume-DMP-MIN-POS\MeSH_Notification'",
394,394,OBJECT_TRENDLOG_3002009,"MeSH_Boiler'NAE06/MeSH_Flow Rate, Voumetric, Cumulative-1.NAE6-T1-FEC51.SUP-HTG-MIN-POS\MeSH_Notification'",
395,395,OBJECT_TRENDLOG_3002010,"MeSH_Boiler'NAE06/MeSH_Flow Rate, Voumetric, Cumulative-1.NAE6-T1-FEC64.MeSH_variable air volume-DMP-MIN-POS\MeSH_Notification'",
396,396,OBJECT_TRENDLOG_3002011,"MeSH_Boiler'NAE06/MeSH_Flow Rate, Voumetric, Cumulative-1.NAE6-T1-FEC64.SUP-HTG-MIN-POS\MeSH_Notification'",
397,397,OBJECT_TRENDLOG_3002013,"MeSH_Boiler'NAE06/MeSH_Flow Rate, Voumetric, Cumulative-1.NAE6-T1-FEC52.MeSH_variable air volume-DMP-MIN-POS\MeSH_Notification'",
398,398,OBJECT_TRENDLOG_3002015,"MeSH_Boiler'NAE06/MeSH_Flow Rate, Voumetric, Cumulative-1.NAE6-T1-FEC52.SUP-HTG-MIN-POS\MeSH_Notification'",
399,399,OBJECT_TRENDLOG_3002016,"MeSH_Boiler'NAE06/MeSH_Flow Rate, Voumetric, Cumulative-1.NAE6-T1-FEC65.MeSH_variable air volume-DMP-MIN-POS\MeSH_Notification'",
400,400,OBJECT_TRENDLOG_3002018,"MeSH_Boiler'NAE06/MeSH_Flow Rate, Voumetric, Cumulative-1.NAE6-T1-FEC65.SUP-HTG-MIN-POS\MeSH_Notification'",
401,401,OBJECT_TRENDLOG_3002020,"MeSH_Boiler'NAE06/MeSH_Flow Rate, Voumetric, Cumulative-1.NAE6-T1-FEC53.MeSH_variable air volume-DMP-MIN-POS\MeSH_Notification'",
402,402,OBJECT_TRENDLOG_3002022,"MeSH_Boiler'NAE06/MeSH_Flow Rate, Voumetric, Cumulative-1.NAE6-T1-FEC53.SUP-HTG-MIN-POS\MeSH_Notification'",
403,403,OBJECT_TRENDLOG_3002023,"MeSH_Boiler'NAE06/MeSH_Flow Rate, Voumetric, Cumulative-1.NAE6-T1-FEC66.MeSH_variable air volume-DMP-MIN-POS\MeSH_Notification'",
404,404,OBJECT_TRENDLOG_3002259,"MeSH_Boiler'NAE06/MeSH_Flow Rate, Voumetric, Cumulative-1.NAE6-T1-FEC66.SUP-HTG-MIN-POS\MeSH_Notification'",
405,405,OBJECT_TRENDLOG_3002343,"MeSH_Boiler'NAE06/MeSH_Flow Rate, Voumetric, Cumulative-1.NAE6-T1-FEC54.MeSH_variable air volume-DMP-MIN-POS\MeSH_Notification'",
406,406,OBJECT_TRENDLOG_3002393,"MeSH_Boiler'NAE06/MeSH_Flow Rate, Voumetric, Cumulative-1.NAE6-T1-FEC54.SUP-HTG-MIN-POS\MeSH_Notification'",
407,407,OBJECT_TRENDLOG_3002398,"MeSH_Boiler'NAE06/MeSH_Flow Rate, Voumetric, Cumulative-1.NAE6-T1-FEC67.MeSH_variable air volume-DMP-MIN-POS\MeSH_Notification'",
408,408,OBJECT_TRENDLOG_3004721,"MeSH_Boiler'NAE06/MeSH_Flow Rate, Voumetric, Cumulative-1.NAE6-T1-FEC67.SUP-HTG-MIN-POS\MeSH_Notification'",
409,409,OBJECT_TRENDLOG_3004733,"MeSH_Boiler'NAE06/MeSH_Flow Rate, Voumetric, Cumulative-1.NAE6-T1-FEC55.MeSH_variable air volume-DMP-MIN-POS\MeSH_Notification'",
410,410,OBJECT_TRENDLOG_3004758,"MeSH_Boiler'NAE06/MeSH_Flow Rate, Voumetric, Cumulative-1.NAE6-T1-FEC55.SUP-HTG-MIN-POS\MeSH_Notification'",
411,411,OBJECT_TRENDLOG_3004949,"MeSH_Boiler'NAE06/MeSH_Flow Rate, Voumetric, Cumulative-1.NAE6-T1-FEC68.MeSH_variable air volume-DMP-MIN-POS\MeSH_Notification'",
412,412,OBJECT_TRENDLOG_3004951,"MeSH_Boiler'NAE06/MeSH_Flow Rate, Voumetric, Cumulative-1.NAE6-T1-FEC68.SUP-HTG-MIN-POS\MeSH_Notification'",
413,413,OBJECT_TRENDLOG_3004952,"MeSH_Boiler'NAE06/MeSH_Flow Rate, Voumetric, Cumulative-1.NAE6-T1-FEC44.Floor Max MeSH_CO2\MeSH_Notification'",
414,414,OBJECT_TRENDLOG_3004965,"MeSH_Boiler'NAE06/MeSH_Flow Rate, Voumetric, Cumulative-1.NAE6-T1-FEC57.Floor Max MeSH_CO2\MeSH_Notification'",co2 p3
415,415,OBJECT_TRENDLOG_3004966,"MeSH_Boiler'NAE06/MeSH_Flow Rate, Voumetric, Cumulative-1.NAE6-T1-FEC57.MeSH_CO2 SP Differential\MeSH_Notification'",
416,416,OBJECT_TRENDLOG_3004967,"MeSH_Boiler'NAE06/MeSH_Flow Rate, Voumetric, Cumulative-1.19-UP-71.Analog Values.AV-12\MeSH_Notification'",
417,417,OBJECT_TRENDLOG_3004968,"MeSH_Boiler'NAE06/MeSH_Flow Rate, Voumetric, Cumulative-1.19-UP-71.Analog Values.AV-27\MeSH_Notification'",
418,418,OBJECT_TRENDLOG_3004969,"MeSH_Boiler'NAE06/MeSH_Flow Rate, Voumetric, Cumulative-1.19-UP-71.Analog Values.AV-10446\MeSH_Notification'",
419,419,OBJECT_TRENDLOG_3004970,"MeSH_Boiler'NAE06/MeSH_Flow Rate, Voumetric, Cumulative-1.19-UP-71.Analog Values.AV-10993\MeSH_Notification'",
420,420,OBJECT_TRENDLOG_3004971,"MeSH_Boiler'NAE06/MeSH_Flow Rate, Voumetric, Cumulative-1.19-UP-72.Analog Values.AV-12\MeSH_Notification'",
421,421,OBJECT_TRENDLOG_3004972,"MeSH_Boiler'NAE06/MeSH_Flow Rate, Voumetric, Cumulative-1.19-UP-72.Analog Values.AV-3289\MeSH_Notification'",
422,422,OBJECT_TRENDLOG_3004973,"MeSH_Boiler'NAE06/MeSH_Flow Rate, Voumetric, Cumulative-1.19-UP-72.Analog Values.AV-27\MeSH_Notification'",
423,423,OBJECT_TRENDLOG_3004974,"MeSH_Boiler'NAE06/MeSH_Flow Rate, Voumetric, Cumulative-1.19-UP-72.Analog Values.AV-10446\MeSH_Notification'",
424,424,OBJECT_TRENDLOG_3004975,"MeSH_Boiler'NAE06/MeSH_Flow Rate, Voumetric, Cumulative-1.19-UP-72.Analog Values.AV-10993\MeSH_Notification'",
425,425,OBJECT_TRENDLOG_3004977,"MeSH_Boiler'NAE06/MeSH_Flow Rate, Voumetric, Cumulative-1.19-UP-73.Analog Values.AV-12\MeSH_Notification'",
426,426,OBJECT_TRENDLOG_3004978,"MeSH_Boiler'NAE06/MeSH_Flow Rate, Voumetric, Cumulative-1.19-UP-73.Analog Values.AV-3289\MeSH_Notification'",
