,PROP_OBJECT_IDENTIFIER,PROP_OBJECT_NAME,PROP_DESCRIPTION
0,OBJECT_DEVICE_505,NAE04,P2 utility room
1,OBJECT_ANALOG_INPUT_3000127,NAE04/FC-1.NAE4-T1-FEC4.ZN25-T,Zone2 Temperature
2,OBJECT_ANALOG_INPUT_3000998,NAE04/FC-1.SF7-CP.ZN-T,Zone Temperature
3,OBJECT_ANALOG_INPUT_3001000,NAE04/FC-1.SF7-CP.Enwave Supply-T,Miscellaneous Temperature
4,OBJECT_ANALOG_INPUT_3001001,NAE04/FC-1.SF7-CP.Enwave-F,Miscellaneous Flow
5,OBJECT_ANALOG_INPUT_3001002,NAE04/FC-1.SF7-CP.Enwave Return-T,Miscellaneous Temperature
6,OBJECT_ANALOG_INPUT_3001003,NAE04/FC-1.SF7-CP.Building Supply -T,Miscellaneous Temperature
7,OBJECT_ANALOG_INPUT_3001004,NAE04/FC-1.SF7-CP.Building Return-T,Miscellaneous Temperature
8,OBJECT_ANALOG_INPUT_3001030,NAE04/FC-1.EF-16.EF18Zn-T,Zone Temperature
9,OBJECT_ANALOG_INPUT_3001103,NAE04/FC-1.NAE4-T1-FEC4.ZN27-T,Zone Temperature
10,OBJECT_ANALOG_INPUT_3001230,NAE04/FC-1.NAE4-T1-FEC15.ZN-T,Zone Temperature
11,OBJECT_ANALOG_INPUT_3001262,NAE04/FC-1.FCU-1 Lobby South.RA1-T,Duct 1 Temperature
12,OBJECT_ANALOG_INPUT_3001263,NAE04/FC-1.FCU-1 Lobby South.RA2-T,Duct 2 Temperature
13,OBJECT_ANALOG_INPUT_3001283,NAE04/FC-1.SF04-CP.ZN-T,Zone Temperature
14,OBJECT_ANALOG_INPUT_3001316,NAE04/FC-1.FCU-23.RA-T,Return Air Temperature
15,OBJECT_ANALOG_INPUT_3001333,NAE04/FC-1.FCU-22.RA-T,Return Air Temperature
16,OBJECT_ANALOG_INPUT_3001551,NAE04/FC-1.FCU-1 East Lobby.RA1-T,Duct 1 Temperature
17,OBJECT_ANALOG_INPUT_3001552,NAE04/FC-1.FCU-1 East Lobby.RA2-T,Duct 2 Temperature
18,OBJECT_ANALOG_INPUT_3001559,NAE04/FC-1.test.RA1-T,Duct 1 Temperature
19,OBJECT_ANALOG_INPUT_3001939,NAE04/FC-1.NAE4-T1-FEC53.ZN-T,Zone Temperature
20,OBJECT_ANALOG_INPUT_3001955,NAE04/FC-1.NAE4-T1-FEC55.ZN-T,Zone Temperature
21,OBJECT_ANALOG_INPUT_3001982,NAE04/FC-1.NAE4-T1-FEC54.ZN-T,Zone Temperature
22,OBJECT_ANALOG_OUTPUT_3001009,NAE04/FC-1.SF7-CP.HTG-O,Cooling Valve  Output
23,OBJECT_ANALOG_OUTPUT_3001238,NAE04/FC-1.NAE4-T1-FEC15.HTG-O,Valve  Output
24,OBJECT_ANALOG_OUTPUT_3001265,NAE04/FC-1.FCU-1 Lobby South.HTG1-O,Heating Valve Output
25,OBJECT_ANALOG_OUTPUT_3001266,NAE04/FC-1.FCU-1 Lobby South.HTG2-O,Heating Valve 2 Output
26,OBJECT_ANALOG_OUTPUT_3001289,NAE04/FC-1.SF04-CP.Valve-O,Valve  Output
27,OBJECT_ANALOG_OUTPUT_3001554,NAE04/FC-1.FCU-1 East Lobby.HTG1-O,Voltage Out 1 Output
28,OBJECT_ANALOG_OUTPUT_3001555,NAE04/FC-1.FCU-1 East Lobby.HTG2-O,Voltage Out 2 Output
29,OBJECT_ANALOG_OUTPUT_3001561,NAE04/FC-1.test.HTG-O,Voltage Out 1 Output
30,OBJECT_ANALOG_OUTPUT_3001929,NAE04/FC-1.NAE4-T1-FEC52.CLG-O,Cooling Output
31,OBJECT_ANALOG_OUTPUT_3001944,NAE04/FC-1.NAE4-T1-FEC53.CLG-O,Cooling Output
32,OBJECT_ANALOG_OUTPUT_3001960,NAE04/FC-1.NAE4-T1-FEC55.CLG-O,Cooling Output
33,OBJECT_ANALOG_OUTPUT_3001987,NAE04/FC-1.NAE4-T1-FEC54.CLG-O,Cooling Output
34,OBJECT_ANALOG_VALUE_3001006,NAE04/FC-1.SF7-CP.Min On Timer,CS Input (Float)
35,OBJECT_ANALOG_VALUE_3001008,NAE04/FC-1.SF7-CP.ZNT-SP,Common Setpoint
36,OBJECT_ANALOG_VALUE_3001110,NAE04/FC-1.FCU-15.AV-7,
37,OBJECT_ANALOG_VALUE_3001111,NAE04/FC-1.FCU-15.AV-44,
38,OBJECT_ANALOG_VALUE_3001112,NAE04/FC-1.FCU-15.AV-40,
39,OBJECT_ANALOG_VALUE_3001113,NAE04/FC-1.FCU-15.AV-59,
40,OBJECT_ANALOG_VALUE_3001170,NAE04/FC-1.FCU-26.AV-7,
41,OBJECT_ANALOG_VALUE_3001171,NAE04/FC-1.FCU-26.AV-22,
42,OBJECT_ANALOG_VALUE_3001172,NAE04/FC-1.FCU-26.AV-44,
43,OBJECT_ANALOG_VALUE_3001173,NAE04/FC-1.FCU-26.AV-43,
44,OBJECT_ANALOG_VALUE_3001174,NAE04/FC-1.FCU-26.AV-42,
45,OBJECT_ANALOG_VALUE_3001175,NAE04/FC-1.FCU-18.AV-7,
46,OBJECT_ANALOG_VALUE_3001176,NAE04/FC-1.FCU-18.AV-22,
47,OBJECT_ANALOG_VALUE_3001177,NAE04/FC-1.FCU-18.AV-21,
48,OBJECT_ANALOG_VALUE_3001178,NAE04/FC-1.FCU-18.AV-44,
49,OBJECT_ANALOG_VALUE_3001179,NAE04/FC-1.FCU-18.AV-43,
50,OBJECT_ANALOG_VALUE_3001180,NAE04/FC-1.FCU-18.AV-42,
51,OBJECT_ANALOG_VALUE_3001181,NAE04/FC-1.FCU-18.AV-41,
52,OBJECT_ANALOG_VALUE_3001186,NAE04/FC-1.FCU-16.AV-7,
53,OBJECT_ANALOG_VALUE_3001187,NAE04/FC-1.FCU-16.AV-22,
54,OBJECT_ANALOG_VALUE_3001188,NAE04/FC-1.FCU-16.AV-44,
55,OBJECT_ANALOG_VALUE_3001189,NAE04/FC-1.FCU-16.AV-43,
56,OBJECT_ANALOG_VALUE_3001190,NAE04/FC-1.FCU-16.AV-42,
57,OBJECT_ANALOG_VALUE_3001191,NAE04/FC-1.FCU-17.AV-7,
58,OBJECT_ANALOG_VALUE_3001192,NAE04/FC-1.FCU-17.AV-22,
59,OBJECT_ANALOG_VALUE_3001193,NAE04/FC-1.FCU-17.AV-21,
60,OBJECT_ANALOG_VALUE_3001194,NAE04/FC-1.FCU-17.AV-44,
61,OBJECT_ANALOG_VALUE_3001195,NAE04/FC-1.FCU-17.AV-43,
62,OBJECT_ANALOG_VALUE_3001196,NAE04/FC-1.FCU-17.AV-42,
63,OBJECT_ANALOG_VALUE_3001197,NAE04/FC-1.FCU-17.AV-41,
64,OBJECT_ANALOG_VALUE_3001198,NAE04/FC-1.FCU-17.AV-40,
65,OBJECT_ANALOG_VALUE_3001199,NAE04/FC-1.FCU-17.AV-39,
66,OBJECT_ANALOG_VALUE_3001202,NAE04/FC-1.FCU-18.AV-40,
67,OBJECT_ANALOG_VALUE_3001203,NAE04/FC-1.FCU-18.AV-39,
68,OBJECT_ANALOG_VALUE_3001211,NAE04/FC-1.FCU-12.AV-7,
69,OBJECT_ANALOG_VALUE_3001212,NAE04/FC-1.FCU-12.AV-22,
70,OBJECT_ANALOG_VALUE_3001213,NAE04/FC-1.FCU-12.AV-44,
71,OBJECT_ANALOG_VALUE_3001214,NAE04/FC-1.FCU-12.AV-42,
72,OBJECT_ANALOG_VALUE_3001215,NAE04/FC-1.FCU-12.AV-40,
73,OBJECT_ANALOG_VALUE_3001218,NAE04/FC-1.FCU-15.AV-42,
74,OBJECT_ANALOG_VALUE_3001235,NAE04/FC-1.NAE4-T1-FEC15.Min On Timer,CS Input (Float)
75,OBJECT_ANALOG_VALUE_3001237,NAE04/FC-1.NAE4-T1-FEC15.ZNT-SP,Common Setpoint
76,OBJECT_ANALOG_VALUE_3001261,NAE04/FC-1.FCU-1 Lobby South.Return Air Setpoint,CS Input (Float)
77,OBJECT_ANALOG_VALUE_3001287,NAE04/FC-1.SF04-CP.Min On Timer,CS Input (Float)
78,OBJECT_ANALOG_VALUE_3001288,NAE04/FC-1.SF04-CP.ZNT-SP,Common Setpoint
79,OBJECT_ANALOG_VALUE_3001313,NAE04/FC-1.FCU-23.OA-T,CS Input (Float)
80,OBJECT_ANALOG_VALUE_3001330,NAE04/FC-1.FCU-22.OA-T,CS Input (Float)
81,OBJECT_ANALOG_VALUE_3001340,NAE04/FC-1.FCU-15.AV-22,
82,OBJECT_ANALOG_VALUE_3001341,NAE04/FC-1.FCU-15.AV-21,
83,OBJECT_ANALOG_VALUE_3001342,NAE04/FC-1.FCU-15.AV-39,
84,OBJECT_ANALOG_VALUE_3001349,NAE04/FC-1.EF23-CP.ZNT-SP,Common Setpoint
85,OBJECT_ANALOG_VALUE_3001379,NAE04/FC-1.FCU-16.AV-40,
86,OBJECT_ANALOG_VALUE_3001380,NAE04/FC-1.FCU-16.AV-39,
87,OBJECT_ANALOG_VALUE_3001381,NAE04/FC-1.FCU-16.AV-21,
88,OBJECT_ANALOG_VALUE_3001386,NAE04/FC-1.FCU-21.AV-6,
89,OBJECT_ANALOG_VALUE_3001387,NAE04/FC-1.FCU-21.AV-28,
90,OBJECT_ANALOG_VALUE_3001388,NAE04/FC-1.FCU-21.AV-27,
91,OBJECT_ANALOG_VALUE_3001389,NAE04/FC-1.FCU-21.AV-55,
92,OBJECT_ANALOG_VALUE_3001390,NAE04/FC-1.FCU-21.AV-54,
93,OBJECT_ANALOG_VALUE_3001391,NAE04/FC-1.FCU-21.AV-52,
94,OBJECT_ANALOG_VALUE_3001392,NAE04/FC-1.FCU-21.AV-51,
95,OBJECT_ANALOG_VALUE_3001393,NAE04/FC-1.FCU-21.AV-50,
96,OBJECT_ANALOG_VALUE_3001394,NAE04/FC-1.FCU-21.AV-49,
97,OBJECT_ANALOG_VALUE_3001395,NAE04/FC-1.FCU-12.AV-21,
98,OBJECT_ANALOG_VALUE_3001396,NAE04/FC-1.FCU-12.AV-39,
99,OBJECT_ANALOG_VALUE_3001508,NAE04/Programming.Enwave Tonnage Calc,
100,OBJECT_ANALOG_VALUE_3001549,NAE04/FC-1.FCU-1 East Lobby.Zone 2 Setpoint,CS Input (Float)
101,OBJECT_ANALOG_VALUE_3001550,NAE04/FC-1.FCU-1 East Lobby.Zone1 Setpoint,CS Input (Float)
102,OBJECT_ANALOG_VALUE_3001558,NAE04/FC-1.test.Zone Temp Setpoint,CS Input (Float)
103,OBJECT_ANALOG_VALUE_3001573,NAE04/FC-1.FCU-22.Minimum On Timer,CS Input (Float)
104,OBJECT_ANALOG_VALUE_3001574,NAE04/FC-1.FCU-22.RAT-SP,CS Input (Float)
105,OBJECT_ANALOG_VALUE_3001576,NAE04/FC-1.FCU-23.Minimum On Timer,CS Input (Float)
106,OBJECT_ANALOG_VALUE_3001577,NAE04/FC-1.FCU-23.RAT-SP,CS Input (Float)
107,OBJECT_ANALOG_VALUE_3001647,NAE04/FC-1.FCU-10 CACF Room.AV-7,
108,OBJECT_ANALOG_VALUE_3001648,NAE04/FC-1.FCU-10 CACF Room.AV-40,
109,OBJECT_ANALOG_VALUE_3001649,NAE04/FC-1.FCU-10 CACF Room.AV-22,
110,OBJECT_ANALOG_VALUE_3001650,NAE04/FC-1.FCU-10 CACF Room.AV-44,
111,OBJECT_ANALOG_VALUE_3001651,NAE04/FC-1.FCU-10 CACF Room.AV-43,
112,OBJECT_ANALOG_VALUE_3001652,NAE04/FC-1.FCU-10 CACF Room.AV-59,
113,OBJECT_ANALOG_VALUE_3001696,NAE04/FC-1.FCU-10 CACF Room.AV-42,
114,OBJECT_ANALOG_VALUE_3001856,NAE04/FC-1.SF04-CP.HTG-MIN-POS,CS Input (Float)
115,OBJECT_ANALOG_VALUE_3001857,NAE04/FC-1.SF04-CP.OA-T,CS Input (Float)
116,OBJECT_ANALOG_VALUE_3001859,NAE04/FC-1.NAE4-T1-FEC15.Min-Pos,CS Input (Float)
117,OBJECT_ANALOG_VALUE_3001860,NAE04/FC-1.NAE4-T1-FEC15.OA-T,CS Input (Float)
118,OBJECT_ANALOG_VALUE_3001861,NAE04/Programming.SF-Min-Htg-Pos,
119,OBJECT_ANALOG_VALUE_3001863,NAE04/FC-1.SF7-CP.OA-T,CS Input (Float)
120,OBJECT_ANALOG_VALUE_3001864,NAE04/FC-1.SF7-CP.Min-Pos,CS Input (Float)
121,OBJECT_ANALOG_VALUE_3001931,NAE04/FC-1.NAE4-T1-FEC52.ZNT-SP,Zone Temparature Setpoint
122,OBJECT_ANALOG_VALUE_3001936,NAE04/FC-1.NAE4-T1-FEC52.EFFCLG-SP,Effective Cooling Setpoint
123,OBJECT_ANALOG_VALUE_3001938,NAE04/FC-1.NAE4-T1-FEC52.OCCMODE-BYPASSTIME,Temporary Occupancy Mode Bypass Time
124,OBJECT_ANALOG_VALUE_3001941,NAE04/FC-1.NAE4-T1-FEC53.WC-ADJ,Warmer/Cooler Adjust
125,OBJECT_ANALOG_VALUE_3001946,NAE04/FC-1.NAE4-T1-FEC53.ZNT-SP,Zone Temperature Setpoint
126,OBJECT_ANALOG_VALUE_3001951,NAE04/FC-1.NAE4-T1-FEC53.EFFCLG-SP,Effective Cooling Setpoint
127,OBJECT_ANALOG_VALUE_3001954,NAE04/FC-1.NAE4-T1-FEC53.OCCMODE-BYPASSTIME,Temporary Occupancy Mode Bypass Time
128,OBJECT_ANALOG_VALUE_3001957,NAE04/FC-1.NAE4-T1-FEC55.WC-ADJ,Warmer/Cooler Adjust
129,OBJECT_ANALOG_VALUE_3001962,NAE04/FC-1.NAE4-T1-FEC55.ZNT-SP,Zone Temperature Setpoint
130,OBJECT_ANALOG_VALUE_3001967,NAE04/FC-1.NAE4-T1-FEC55.EFFCLG-SP,Effective Cooling Setpoint
131,OBJECT_ANALOG_VALUE_3001970,NAE04/FC-1.NAE4-T1-FEC55.OCCMODE-BYPASSTIME,Zone Temporary Occupancy Bypass Time
132,OBJECT_ANALOG_VALUE_3001972,NAE04/FC-1.NAE4-T1-FEC52.WC-ADJ,Warmer/Cooler Adjust (From FCU-53)
133,OBJECT_ANALOG_VALUE_3001975,NAE04/FC-1.NAE4-T1-FEC52.ZN-T,Zone Temperature
134,OBJECT_ANALOG_VALUE_3001984,NAE04/FC-1.NAE4-T1-FEC54.WC-ADJ,Warmer/Cooler Adjust
135,OBJECT_ANALOG_VALUE_3001989,NAE04/FC-1.NAE4-T1-FEC54.ZNT-SP,Common Setpoint
136,OBJECT_ANALOG_VALUE_3001994,NAE04/FC-1.NAE4-T1-FEC54.EFFCLG-SP,Effective Cooling Setpoint
137,OBJECT_ANALOG_VALUE_3001997,NAE04/FC-1.NAE4-T1-FEC54.OCCMODE-BYPASSTIME,Zone Temporary Occupancy Bypass Time
138,OBJECT_ANALOG_VALUE_3002186,NAE04/Programming.BldgTonage,
139,OBJECT_ANALOG_VALUE_3002394,NAE04/FC-1.FCU-23.OAT Lockout,CS Input (Float)
140,OBJECT_ANALOG_VALUE_3002853,NAE04/FC-1.FCU-15.AV-58,
141,OBJECT_ANALOG_VALUE_3004770,NAE04/BACnet1.18York_CO_Monitoring.AV-4,E3 Point Station CO Reading
142,OBJECT_ANALOG_VALUE_3004771,NAE04/BACnet1.18York_CO_Monitoring.AV-5,E3 Point Station CO Reading
143,OBJECT_ANALOG_VALUE_3004772,NAE04/BACnet1.18York_CO_Monitoring.AV-6,E3 Point Station CO Reading
144,OBJECT_ANALOG_VALUE_3004773,NAE04/BACnet1.18York_CO_Monitoring.AV-7,E3 Point Station CO Reading
145,OBJECT_ANALOG_VALUE_3004774,NAE04/BACnet1.18York_CO_Monitoring.AV-8,E3 Point Station CO Reading
146,OBJECT_ANALOG_VALUE_3004775,NAE04/BACnet1.18York_CO_Monitoring.AV-9,E3 Point Station CO Reading
147,OBJECT_ANALOG_VALUE_3004776,NAE04/BACnet1.18York_CO_Monitoring.AV-10,E3 Point Station CO Reading
148,OBJECT_ANALOG_VALUE_3004777,NAE04/BACnet1.18York_CO_Monitoring.AV-11,E3 Point Station CO Reading
149,OBJECT_ANALOG_VALUE_3004778,NAE04/BACnet1.18York_CO_Monitoring.AV-12,E3 Point Station CO Reading
150,OBJECT_ANALOG_VALUE_3004779,NAE04/BACnet1.18York_CO_Monitoring.AV-13,E3 Point Station CO Reading
151,OBJECT_ANALOG_VALUE_3004780,NAE04/BACnet1.18York_CO_Monitoring.AV-14,E3 Point Station CO Reading
152,OBJECT_ANALOG_VALUE_3004781,NAE04/BACnet1.18York_CO_Monitoring.AV-15,E3 Point Station CO Reading
153,OBJECT_ANALOG_VALUE_3004782,NAE04/BACnet1.18York_CO_Monitoring.AV-16,E3 Point Station CO Reading
154,OBJECT_ANALOG_VALUE_3004783,NAE04/BACnet1.18York_CO_Monitoring.AV-17,E3 Point Station CO Reading
155,OBJECT_ANALOG_VALUE_3004784,NAE04/BACnet1.18York_CO_Monitoring.AV-18,E3 Point Station CO Reading
156,OBJECT_ANALOG_VALUE_3004786,NAE04/BACnet1.18York_CO_Monitoring.AV-20,E3 Point Station CO Reading
157,OBJECT_ANALOG_VALUE_3004787,NAE04/BACnet1.18York_CO_Monitoring.AV-21,E3 Point Station CO Reading
158,OBJECT_ANALOG_VALUE_3004788,NAE04/BACnet1.18York_CO_Monitoring.AV-22,E3 Point Station CO Reading
159,OBJECT_ANALOG_VALUE_3004789,NAE04/BACnet1.18York_CO_Monitoring.AV-23,E3 Point Station CO Reading
160,OBJECT_ANALOG_VALUE_3004790,NAE04/BACnet1.18York_CO_Monitoring.AV-24,E3 Point Station CO Reading
161,OBJECT_ANALOG_VALUE_3004791,NAE04/BACnet1.18York_CO_Monitoring.AV-25,E3 Point Station CO Reading
162,OBJECT_ANALOG_VALUE_3004792,NAE04/BACnet1.18York_CO_Monitoring.AV-26,E3 Point Station CO Reading
163,OBJECT_ANALOG_VALUE_3004793,NAE04/BACnet1.18York_CO_Monitoring.AV-27,E3 Point Station CO Reading
164,OBJECT_ANALOG_VALUE_3004812,NAE04/BACnet1.18York_CO_Monitoring.AV-19,E3 Point Station CO Reading
165,OBJECT_ANALOG_VALUE_3004818,NAE04/BACnet1.18York_CO_Monitoring.AV-29,E3 Point Station CO Reading
166,OBJECT_ANALOG_VALUE_3004819,NAE04/BACnet1.18York_CO_Monitoring.AV-30,E3 Point Station CO Reading
167,OBJECT_ANALOG_VALUE_3004820,NAE04/BACnet1.18York_CO_Monitoring.AV-31,E3 Point Station CO Reading
168,OBJECT_ANALOG_VALUE_3004825,NAE04/BACnet1.18York_CO_Monitoring.AV-32,E3 Point Station CO Reading
169,OBJECT_ANALOG_VALUE_3004834,NAE04/BACnet1.18York_CO_Monitoring.AV-33,E3 Point Station CO Reading
170,OBJECT_ANALOG_VALUE_3004835,NAE04/BACnet1.18York_CO_Monitoring.AV-34,E3 Point Station CO Reading
171,OBJECT_ANALOG_VALUE_3004933,NAE04/BACnet1.18York_CO_Monitoring.AV-35,E3 Point Station CO Reading
172,OBJECT_ANALOG_VALUE_3004934,NAE04/BACnet1.18York_CO_Monitoring.AV-36,E3 Point Station CO Reading
173,OBJECT_ANALOG_VALUE_3004935,NAE04/BACnet1.18York_CO_Monitoring.AV-37,E3 Point Station CO Reading
174,OBJECT_ANALOG_VALUE_3004961,NAE04/BACnet1.18York_CO_Monitoring.AV-1,
175,OBJECT_ANALOG_VALUE_3004962,NAE04/BACnet1.18York_CO_Monitoring.AV-2,
176,OBJECT_ANALOG_VALUE_3004963,NAE04/BACnet1.18York_CO_Monitoring.AV-3,
177,OBJECT_ANALOG_VALUE_3004964,NAE04/BACnet1.18York_CO_Monitoring.AV-28,
178,OBJECT_BINARY_INPUT_3000128,NAE04/FC-1.NAE4-T1-FEC4.HT25-A,Exhaust Fan Alarm
179,OBJECT_BINARY_INPUT_3000130,NAE04/FC-1.NAE4-T1-FEC4.EF25-S,Exhaust Fan Status
180,OBJECT_BINARY_INPUT_3000999,NAE04/FC-1.SF7-CP.SF-S,FCU-2 Supply Fan Status
181,OBJECT_BINARY_INPUT_3001011,NAE04/FC-1.SF7-CP.PHP-S,Preheat Pump Status
182,OBJECT_BINARY_INPUT_3001012,NAE04/FC-1.SF7-CP.GSF1-S,Supply Fan Status
183,OBJECT_BINARY_INPUT_3001024,NAE04/FC-1.EF-16.EF22-S,EF22-S
184,OBJECT_BINARY_INPUT_3001025,NAE04/FC-1.EF-16.EF18-S,EF18-S
185,OBJECT_BINARY_INPUT_3001026,NAE04/FC-1.EF-16.EF01-S,Exhaust Fan Status
186,OBJECT_BINARY_INPUT_3001027,NAE04/FC-1.EF-16.EF02-S,Supply Fan Status
187,OBJECT_BINARY_INPUT_3001028,NAE04/FC-1.EF-16.SF02-S,Supply Fan2 Status
188,OBJECT_BINARY_INPUT_3001029,NAE04/FC-1.EF-16.EF-S,Exhaust Fan Status
189,OBJECT_BINARY_INPUT_3001097,NAE04/FC-1.NAE4-T1-FEC4.E27-S,Exhaust Fan Status
190,OBJECT_BINARY_INPUT_3001098,NAE04/FC-1.NAE4-T1-FEC4.EF03-S,Exhaust Fan Status
191,OBJECT_BINARY_INPUT_3001099,NAE04/FC-1.NAE4-T1-FEC4.EF04-S,Exhaust Fan Status
192,OBJECT_BINARY_INPUT_3001100,NAE04/FC-1.NAE4-T1-FEC4.GSF04-S,Exhaust Fan Status
193,OBJECT_BINARY_INPUT_3001101,NAE04/FC-1.NAE4-T1-FEC4.GSF05-S,Gas Fired Unit 5 Status
194,OBJECT_BINARY_INPUT_3001102,NAE04/FC-1.NAE4-T1-FEC4.GSF06-S,Exhaust Fan Status
195,OBJECT_BINARY_INPUT_3001229,NAE04/FC-1.NAE4-T1-FEC15.SF5-S,Supply Fan 05 Status
196,OBJECT_BINARY_INPUT_3001231,NAE04/FC-1.NAE4-T1-FEC15.GSF2-S,Supply Fan Status
197,OBJECT_BINARY_INPUT_3001240,NAE04/FC-1.NAE4-T1-FEC15.PHP-S,Preheat Pump Status
198,OBJECT_BINARY_INPUT_3001241,NAE04/FC-1.NAE4-T1-FEC15.EF17-S,Exhaust Fan Status
199,OBJECT_BINARY_INPUT_3001291,NAE04/FC-1.SF04-CP.GSF-S,Preheat Pump Status
200,OBJECT_BINARY_INPUT_3001292,NAE04/FC-1.SF04-CP.PUMP-S,Supply Fan Status
201,OBJECT_BINARY_INPUT_3001293,NAE04/FC-1.SF04-CP.SF04-S,Exhaust Fan Status
202,OBJECT_BINARY_INPUT_3001317,NAE04/FC-1.FCU-23.Fan-S,Fan Status
203,OBJECT_BINARY_INPUT_3001334,NAE04/FC-1.FCU-22.Fan-S,Fan Status
204,OBJECT_BINARY_INPUT_3001346,NAE04/FC-1.EF23-CP.SF03-S,Supply Fan 05 Status
205,OBJECT_BINARY_INPUT_3001350,NAE04/FC-1.EF23-CP.EF15-S,Preheat Pump Status
206,OBJECT_BINARY_INPUT_3001351,NAE04/FC-1.EF23-CP.EF23-S,Exhaust Fan Status
207,OBJECT_BINARY_INPUT_3001354,NAE04/FC-1.EF-16.EF16-S,Exhaust Fan Status
208,OBJECT_BINARY_INPUT_3001928,NAE04/FC-1.NAE4-T1-FEC52.SF-S,FCU Supply Fan Status
209,OBJECT_BINARY_INPUT_3001943,NAE04/FC-1.NAE4-T1-FEC53.SF-S,FCU Supply Fan Status
210,OBJECT_BINARY_INPUT_3001959,NAE04/FC-1.NAE4-T1-FEC55.SF-S,FCU Supply Fan Status
211,OBJECT_BINARY_INPUT_3001986,NAE04/FC-1.NAE4-T1-FEC54.SF-S,FCU Supply Fan Status
212,OBJECT_BINARY_INPUT_3002033,NAE04/FC-1.NAE4-T1-FEC54.KITCHEN-EF-REQUEST-TO-RUN,Kitchen EF Request to Run from Ecology
213,OBJECT_BINARY_OUTPUT_3000129,NAE04/FC-1.NAE4-T1-FEC4.EF25-C,Exhaust Air Damper Command
214,OBJECT_BINARY_OUTPUT_3001007,NAE04/FC-1.SF7-CP.SF-C,FCU-2 Supply Fan Command
215,OBJECT_BINARY_OUTPUT_3001010,NAE04/FC-1.SF7-CP.HP-C,Preheat Pump Command
216,OBJECT_BINARY_OUTPUT_3001023,NAE04/FC-1.EF-16.EF18-C,Motor 1 Command
217,OBJECT_BINARY_OUTPUT_3001031,NAE04/FC-1.EF-16.EF16-C,Exhaust Fan Command
218,OBJECT_BINARY_OUTPUT_3001096,NAE04/FC-1.NAE4-T1-FEC4.EF27-C,Exhaust Fan Command
219,OBJECT_BINARY_OUTPUT_3001236,NAE04/FC-1.NAE4-T1-FEC15.SF5-C,Supply Fan 05 Command
220,OBJECT_BINARY_OUTPUT_3001239,NAE04/FC-1.NAE4-T1-FEC15.HP-C,Preheat Pump Command
221,OBJECT_BINARY_OUTPUT_3001242,NAE04/FC-1.NAE4-T1-FEC15.EF17-C,Exhaust Fan Command
222,OBJECT_BINARY_OUTPUT_3001264,NAE04/FC-1.FCU-1 Lobby South.Fan1-C,Fan Command
223,OBJECT_BINARY_OUTPUT_3001267,NAE04/FC-1.FCU-1 Lobby South.Fan2-C,Fan 2 Command
224,OBJECT_BINARY_OUTPUT_3001290,NAE04/FC-1.SF04-CP.Pump-C,Preheat Pump Command
225,OBJECT_BINARY_OUTPUT_3001294,NAE04/FC-1.SF04-CP.SF04-C,Exhaust Fan Command
226,OBJECT_BINARY_OUTPUT_3001318,NAE04/FC-1.FCU-23.HTG-C,Heating Command
227,OBJECT_BINARY_OUTPUT_3001319,NAE04/FC-1.FCU-23.SF-C,FAN COMMAND
228,OBJECT_BINARY_OUTPUT_3001335,NAE04/FC-1.FCU-22.HTG-C,Heating Command
229,OBJECT_BINARY_OUTPUT_3001336,NAE04/FC-1.FCU-22.SF-C,FAN COMMAND
230,OBJECT_BINARY_OUTPUT_3001352,NAE04/FC-1.EF23-CP.EF23-C,Exhaust Fan Command
231,OBJECT_BINARY_OUTPUT_3001553,NAE04/FC-1.FCU-1 East Lobby.FAN1-C,Motor 1 Command
232,OBJECT_BINARY_OUTPUT_3001556,NAE04/FC-1.FCU-1 East Lobby.FAN2-C,Boiler 2 Enable
233,OBJECT_BINARY_OUTPUT_3001560,NAE04/FC-1.test.FAN-C,Motor 1 Command
234,OBJECT_BINARY_OUTPUT_3001930,NAE04/FC-1.NAE4-T1-FEC52.SF-C,FCU Supply Fan Command
235,OBJECT_BINARY_OUTPUT_3001945,NAE04/FC-1.NAE4-T1-FEC53.SF-C,FCU Supply Fan Command
236,OBJECT_BINARY_OUTPUT_3001961,NAE04/FC-1.NAE4-T1-FEC55.SF-C,FCU Supply Fan Command
237,OBJECT_BINARY_OUTPUT_3001988,NAE04/FC-1.NAE4-T1-FEC54.SF-C,FCU Supply Fan Command
238,OBJECT_BINARY_OUTPUT_3002031,NAE04/FC-1.NAE4-T1-FEC54.KITCHEN-ECOLOGY-ENA,Kitchen Ecology Enable
239,OBJECT_BINARY_VALUE_3001260,NAE04/FC-1.FCU-1 Lobby South.System Enable,CS Input (Boolean)
240,OBJECT_BINARY_VALUE_3001548,NAE04/FC-1.FCU-1 East Lobby.System Enable,CS Input (Boolean)
241,OBJECT_BINARY_VALUE_3001557,NAE04/FC-1.test.System Enable,CS Input (Boolean)
242,OBJECT_BINARY_VALUE_3001889,NAE04/FC-1.FCU-17.BV-50,
243,OBJECT_BINARY_VALUE_3001932,NAE04/FC-1.NAE4-T1-FEC52.CLG-EN,Cooling Enable
244,OBJECT_BINARY_VALUE_3001942,NAE04/FC-1.NAE4-T1-FEC53.ZN-TOCC,Zone Temporary Occupancy
245,OBJECT_BINARY_VALUE_3001947,NAE04/FC-1.NAE4-T1-FEC53.CLG-EN,Cooling Enable
246,OBJECT_BINARY_VALUE_3001958,NAE04/FC-1.NAE4-T1-FEC55.ZN-TOCC,Zone Temporary Occupancy Mode
247,OBJECT_BINARY_VALUE_3001963,NAE04/FC-1.NAE4-T1-FEC55.CLG-EN,Cooing Enable
248,OBJECT_BINARY_VALUE_3001985,NAE04/FC-1.NAE4-T1-FEC54.ZN-TOCC,Zone Temporary Occupancy Mode
249,OBJECT_BINARY_VALUE_3001990,NAE04/FC-1.NAE4-T1-FEC54.CLG-EN,Cooling Enable
250,OBJECT_BINARY_VALUE_3004803,NAE04/BACnet1.18York_CO_Monitoring.BV-1,E3 Point Station Relay Output
251,OBJECT_BINARY_VALUE_3004804,NAE04/BACnet1.18York_CO_Monitoring.BV-2,E3 Point Station Relay Output
252,OBJECT_BINARY_VALUE_3004805,NAE04/BACnet1.18York_CO_Monitoring.BV-3,E3 Point Station Relay Output
253,OBJECT_BINARY_VALUE_3004806,NAE04/BACnet1.18York_CO_Monitoring.BV-4,E3 Point Station Relay Output
254,OBJECT_BINARY_VALUE_3004807,NAE04/BACnet1.18York_CO_Monitoring.BV-5,E3 Point Station Relay Output
255,OBJECT_BINARY_VALUE_3004808,NAE04/BACnet1.18York_CO_Monitoring.BV-6,E3 Point Station Relay Output
256,OBJECT_BINARY_VALUE_3004809,NAE04/BACnet1.18York_CO_Monitoring.BV-7,E3 Point Station Relay Output
257,OBJECT_BINARY_VALUE_3004811,NAE04/BACnet1.18York_CO_Monitoring.BV-9,E3 Point Station Relay Output
258,OBJECT_BINARY_VALUE_3004823,NAE04/BACnet1.18York_CO_Monitoring.BV-10,E3 Point Station Relay Output
259,OBJECT_BINARY_VALUE_3004826,NAE04/BACnet1.18York_CO_Monitoring.BV-11,E3 Point Station Relay Output
260,OBJECT_BINARY_VALUE_3004827,NAE04/BACnet1.18York_CO_Monitoring.BV-12,E3 Point Station Relay Output
261,OBJECT_BINARY_VALUE_3004828,NAE04/BACnet1.18York_CO_Monitoring.BV-13,E3 Point Station Relay Output
262,OBJECT_BINARY_VALUE_3004832,NAE04/BACnet1.18York_CO_Monitoring.BV-8,E3 Point Station Relay Output
263,OBJECT_BINARY_VALUE_3004833,NAE04/BACnet1.18York_CO_Monitoring.BV-14,E3 Point Station Relay Output
264,OBJECT_BINARY_VALUE_3004836,NAE04/BACnet1.18York_CO_Monitoring.BV-18,Exhaust Fan 1 Status
265,OBJECT_BINARY_VALUE_3004837,NAE04/BACnet1.18York_CO_Monitoring.BV-19,Exhaust Fan 2 Status
266,OBJECT_BINARY_VALUE_3004838,NAE04/BACnet1.18York_CO_Monitoring.BV-21,Exhaust Fan 3 Status
267,OBJECT_BINARY_VALUE_3004839,NAE04/BACnet1.18York_CO_Monitoring.BV-22,Exhaust Fan 4 Status
268,OBJECT_BINARY_VALUE_3004840,NAE04/BACnet1.18York_CO_Monitoring.BV-23,Exhaust Fan 5 Status
269,OBJECT_BINARY_VALUE_3004841,NAE04/BACnet1.18York_CO_Monitoring.BV-24,Exhaust Fan 6 Status
270,OBJECT_BINARY_VALUE_3004842,NAE04/BACnet1.18York_CO_Monitoring.BV-15,E3 Point Station Relay Output
271,OBJECT_BINARY_VALUE_3004843,NAE04/BACnet1.18York_CO_Monitoring.BV-16,E3 Point Station Relay Output
272,OBJECT_PROGRAM_3000484,NAE04/Programming.Max CO,
273,OBJECT_PROGRAM_3001415,NAE04/Programming.Enwave Tonnage,
274,OBJECT_SCHEDULE_3001760,NAE04/Schedule.Supply Fan 04,
275,OBJECT_SCHEDULE_3001761,NAE04/Schedule.Supply Fan 05,
276,OBJECT_SCHEDULE_3001762,NAE04/Schedule.Supply Fan 07,
277,OBJECT_SCHEDULE_3001799,NAE04/Schedule.Supply Fan 23,
278,OBJECT_SCHEDULE_3001848,NAE04/Schedule.EF 17,
279,OBJECT_SCHEDULE_3001971,NAE04/Schedule.IQ Foods FCUs Schedule,
280,OBJECT_SCHEDULE_3002427,NAE04/Schedule.EF-23,
281,OBJECT_SCHEDULE_3002598,NAE04/Schedule.EF-25,
282,OBJECT_SCHEDULE_3004985,NAE04/Programming.Cooling valves calibration.Cooling valves Open-Close,
283,OBJECT_MULTI_STATE_VALUE_3000131,NAE04/FC-1.NAE4-T1-FEC4.EF25_ENABLE,CS Input (Enum)
284,OBJECT_MULTI_STATE_VALUE_3001005,NAE04/FC-1.SF7-CP.Occupied,CS Input (Enum)
285,OBJECT_MULTI_STATE_VALUE_3001020,NAE04/FC-1.EF-16.EF16 Enable,CS Input (Enum)
286,OBJECT_MULTI_STATE_VALUE_3001021,NAE04/FC-1.EF-16.EF18 Enable,CS Input (Enum)
287,OBJECT_MULTI_STATE_VALUE_3001095,NAE04/FC-1.NAE4-T1-FEC4.EF27_ENABLE,CS Input (Enum)
288,OBJECT_MULTI_STATE_VALUE_3001108,NAE04/FC-1.FCU-15.MV-28,
289,OBJECT_MULTI_STATE_VALUE_3001109,NAE04/FC-1.FCU-15.MV-62,
290,OBJECT_MULTI_STATE_VALUE_3001168,NAE04/FC-1.FCU-26.MV-28,
291,OBJECT_MULTI_STATE_VALUE_3001169,NAE04/FC-1.FCU-26.MV-62,
292,OBJECT_MULTI_STATE_VALUE_3001182,NAE04/FC-1.FCU-18.MV-28,
293,OBJECT_MULTI_STATE_VALUE_3001183,NAE04/FC-1.FCU-18.MV-62,
294,OBJECT_MULTI_STATE_VALUE_3001184,NAE04/FC-1.FCU-16.MV-28,
295,OBJECT_MULTI_STATE_VALUE_3001185,NAE04/FC-1.FCU-16.MV-62,
296,OBJECT_MULTI_STATE_VALUE_3001200,NAE04/FC-1.FCU-17.MV-28,
297,OBJECT_MULTI_STATE_VALUE_3001201,NAE04/FC-1.FCU-17.MV-62,
298,OBJECT_MULTI_STATE_VALUE_3001216,NAE04/FC-1.FCU-12.MV-28,
299,OBJECT_MULTI_STATE_VALUE_3001217,NAE04/FC-1.FCU-12.MV-62,
300,OBJECT_MULTI_STATE_VALUE_3001219,NAE04/FC-1.FCU-12.MV-17,
301,OBJECT_MULTI_STATE_VALUE_3001220,NAE04/FC-1.FCU-26.MV-17,
302,OBJECT_MULTI_STATE_VALUE_3001221,NAE04/FC-1.FCU-18.MV-17,
303,OBJECT_MULTI_STATE_VALUE_3001222,NAE04/FC-1.FCU-16.MV-17,
304,OBJECT_MULTI_STATE_VALUE_3001223,NAE04/FC-1.FCU-17.MV-17,
305,OBJECT_MULTI_STATE_VALUE_3001225,NAE04/FC-1.FCU-15.MV-17,
306,OBJECT_MULTI_STATE_VALUE_3001232,NAE04/FC-1.NAE4-T1-FEC15.FAN-OUTSTATE,State
307,OBJECT_MULTI_STATE_VALUE_3001233,NAE04/FC-1.NAE4-T1-FEC15.Occupied,CS Input (Enum)
308,OBJECT_MULTI_STATE_VALUE_3001234,NAE04/FC-1.NAE4-T1-FEC15.EF 17 Enable,CS Input (Enum)
309,OBJECT_MULTI_STATE_VALUE_3001284,NAE04/FC-1.SF04-CP.FAN-OUTSTATE,
310,OBJECT_MULTI_STATE_VALUE_3001285,NAE04/FC-1.SF04-CP.Occupied,CS Input (Enum)
311,OBJECT_MULTI_STATE_VALUE_3001286,NAE04/FC-1.SF04-CP.SF04 Enable,
312,OBJECT_MULTI_STATE_VALUE_3001314,NAE04/FC-1.FCU-23.System Enable,CS Input (Enum)
313,OBJECT_MULTI_STATE_VALUE_3001331,NAE04/FC-1.FCU-22.System Enable,CS Input (Enum)
314,OBJECT_MULTI_STATE_VALUE_3001339,NAE04/FC-1.FCU-15.MV-16,
315,OBJECT_MULTI_STATE_VALUE_3001347,NAE04/FC-1.EF23-CP.Occupied,CS Input (Enum)
316,OBJECT_MULTI_STATE_VALUE_3001348,NAE04/FC-1.EF23-CP.EF 23 Enable,CS Input (Enum)
317,OBJECT_MULTI_STATE_VALUE_3001383,NAE04/FC-1.FCU-21.MV-14,
318,OBJECT_MULTI_STATE_VALUE_3001384,NAE04/FC-1.FCU-21.MV-13,
319,OBJECT_MULTI_STATE_VALUE_3001385,NAE04/FC-1.FCU-21.MV-68,
320,OBJECT_MULTI_STATE_VALUE_3001653,NAE04/FC-1.FCU-10 CACF Room.MV-28,
321,OBJECT_MULTI_STATE_VALUE_3001654,NAE04/FC-1.FCU-10 CACF Room.MV-17,
322,OBJECT_MULTI_STATE_VALUE_3001655,NAE04/FC-1.FCU-10 CACF Room.MV-16,
323,OBJECT_MULTI_STATE_VALUE_3001697,NAE04/FC-1.FCU-10 CACF Room.MV-18,
324,OBJECT_MULTI_STATE_VALUE_3001866,NAE04/FC-1.SF7-CP.HTG-EN,CS Input (Enum)
325,OBJECT_MULTI_STATE_VALUE_3001867,NAE04/FC-1.NAE4-T1-FEC15.HTG-EN,CS Input (Enum)
326,OBJECT_MULTI_STATE_VALUE_3001868,NAE04/FC-1.SF04-CP.HTG_EN,CS Input (Enum)
327,OBJECT_MULTI_STATE_VALUE_3001890,NAE04/FC-1.FCU-17.MV-15,
328,OBJECT_MULTI_STATE_VALUE_3001891,NAE04/FC-1.FCU-17.MV-16,
329,OBJECT_MULTI_STATE_VALUE_3001893,NAE04/FC-1.FCU-21.MV-26,
330,OBJECT_MULTI_STATE_VALUE_3001894,NAE04/FC-1.FCU-21.MV-24,
331,OBJECT_MULTI_STATE_VALUE_3001895,NAE04/FC-1.FCU-21.MV-22,
332,OBJECT_MULTI_STATE_VALUE_3001896,NAE04/FC-1.FCU-21.MV-39,
333,OBJECT_MULTI_STATE_VALUE_3001933,NAE04/FC-1.NAE4-T1-FEC52.OCC-SCHEDULE,Occupancy Schedule
334,OBJECT_MULTI_STATE_VALUE_3001934,NAE04/FC-1.NAE4-T1-FEC52.SYSTEM-MODE,System Mode
335,OBJECT_MULTI_STATE_VALUE_3001935,NAE04/FC-1.NAE4-T1-FEC52.UNITEN-MODE,Unit Enable Mode
336,OBJECT_MULTI_STATE_VALUE_3001937,NAE04/FC-1.NAE4-T1-FEC52.EFF-OCC,Effective Occupancy
337,OBJECT_MULTI_STATE_VALUE_3001940,NAE04/FC-1.NAE4-T1-FEC53.OCC-MODE,Occupancy Mode
338,OBJECT_MULTI_STATE_VALUE_3001948,NAE04/FC-1.NAE4-T1-FEC53.OCC-SCHEDULE,Occupancy Schedule
339,OBJECT_MULTI_STATE_VALUE_3001949,NAE04/FC-1.NAE4-T1-FEC53.SYSTEM-MODE,System Mode
340,OBJECT_MULTI_STATE_VALUE_3001950,NAE04/FC-1.NAE4-T1-FEC53.UNITEN-MODE,Unit Enable Mode
341,OBJECT_MULTI_STATE_VALUE_3001952,NAE04/FC-1.NAE4-T1-FEC53.ZNT-STATE,Zone Temperature State
342,OBJECT_MULTI_STATE_VALUE_3001953,NAE04/FC-1.NAE4-T1-FEC53.EFF-OCC,Effective Occupancy
343,OBJECT_MULTI_STATE_VALUE_3001956,NAE04/FC-1.NAE4-T1-FEC55.OCC-MODE,Occupancy Mode
344,OBJECT_MULTI_STATE_VALUE_3001964,NAE04/FC-1.NAE4-T1-FEC55.OCC-SCHEDULE,Occupancy Schedule
345,OBJECT_MULTI_STATE_VALUE_3001965,NAE04/FC-1.NAE4-T1-FEC55.SYSTEM-MODE,System  Mode
346,OBJECT_MULTI_STATE_VALUE_3001966,NAE04/FC-1.NAE4-T1-FEC55.UNITEN-MODE,Unit Enable Mode
347,OBJECT_MULTI_STATE_VALUE_3001968,NAE04/FC-1.NAE4-T1-FEC55.ZNT-STATE,Zone Temperature State
348,OBJECT_MULTI_STATE_VALUE_3001969,NAE04/FC-1.NAE4-T1-FEC55.EFF-OCC,Effective Occupancy
349,OBJECT_MULTI_STATE_VALUE_3001973,NAE04/FC-1.NAE4-T1-FEC52.OCC-MODE,Occupancy Mode
350,OBJECT_MULTI_STATE_VALUE_3001974,NAE04/FC-1.NAE4-T1-FEC52.ZN-TOCC,Zone Temporary Occupancy (from FCU-53)
351,OBJECT_MULTI_STATE_VALUE_3001983,NAE04/FC-1.NAE4-T1-FEC54.OCC-MODE,Occupancy Mode
352,OBJECT_MULTI_STATE_VALUE_3001991,NAE04/FC-1.NAE4-T1-FEC54.OCC-SCHEDULE,Occupancy Schedule
353,OBJECT_MULTI_STATE_VALUE_3001992,NAE04/FC-1.NAE4-T1-FEC54.SYSTEM-MODE,System Mode
354,OBJECT_MULTI_STATE_VALUE_3001993,NAE04/FC-1.NAE4-T1-FEC54.UNITEN-MODE,Unit Enable Mode
355,OBJECT_MULTI_STATE_VALUE_3001995,NAE04/FC-1.NAE4-T1-FEC54.ZNT-STATE,Zone Temperature State
356,OBJECT_MULTI_STATE_VALUE_3001996,NAE04/FC-1.NAE4-T1-FEC54.EFF-OCC,Effective Occupancy Mode
357,OBJECT_MULTI_STATE_VALUE_3004745,NAE04/FC-1.EF23-CP.FAN-OUTSTATE,State
358,OBJECT_MULTI_STATE_VALUE_3004746,NAE04/FC-1.EF-16.FAN-OUTSTATE,State
359,OBJECT_TRENDLOG_3000005,NAE04/Memory Usage Trend Log,
360,OBJECT_TRENDLOG_3001280,NAE04/FC-1.SF7-CP.Enwave-F.Trend1,
361,OBJECT_TRENDLOG_3001367,NAE04/FC-1.NAE4-T1-FEC15.ZN-T.Trend1,
362,OBJECT_TRENDLOG_3001377,NAE04/FC-1.SF7-CP.Enwave Return-T.Trend1,
363,OBJECT_TRENDLOG_3001378,NAE04/FC-1.SF04-CP.ZN-T.Trend1,
364,OBJECT_TRENDLOG_3001407,NAE04/FC-1.EF-16.SF02-S.Trend1,
365,OBJECT_TRENDLOG_3001408,NAE04/FC-1.EF23-CP.EF15-S.Trend1,
366,OBJECT_TRENDLOG_3001409,NAE04/FC-1.EF23-CP.SF03-S.Trend1,
367,OBJECT_TRENDLOG_3001411,NAE04/FC-1.EF23-CP.EF23-S.Trend1,
368,OBJECT_TRENDLOG_3001545,NAE04/Programming.Enwave Tonnage Calc.Trend1,
369,OBJECT_TRENDLOG_3001566,NAE04/FC-1.test.RA1-T.Trend1,
370,OBJECT_TRENDLOG_3001568,NAE04/FC-1.FCU-1 East Lobby.RA1-T.Trend1,
371,OBJECT_TRENDLOG_3001572,NAE04/FC-1.FCU-22.RA-T.Trend1,
372,OBJECT_TRENDLOG_3001575,NAE04/FC-1.FCU-1 East Lobby.RA2-T.Trend1,
373,OBJECT_TRENDLOG_3001578,NAE04/FC-1.FCU-1 Lobby South.RA1-T.Trend1,
374,OBJECT_TRENDLOG_3001579,NAE04/FC-1.FCU-23.RA-T.Trend1,
375,OBJECT_TRENDLOG_3001590,NAE04/FC-1.SF7-CP.ZN-T.Trend1,
376,OBJECT_TRENDLOG_3001607,NAE04/FC-1.SF7-CP.Building Return-T.Trend1,
377,OBJECT_TRENDLOG_3001756,NAE04/FC-1.NAE4-T1-FEC15.SF5-C.Trend1,
378,OBJECT_TRENDLOG_3001765,NAE04/FC-1.EF-16.EF01-S.Trend1,
379,OBJECT_TRENDLOG_3001776,NAE04/FC-1.NAE4-T1-FEC15.SF5-S.Trend1,
380,OBJECT_TRENDLOG_3001777,NAE04/FC-1.SF04-CP.SF04-S.Trend1,
381,OBJECT_TRENDLOG_3001778,NAE04/FC-1.SF7-CP.SF-S.Trend1,
382,OBJECT_TRENDLOG_3001840,NAE04/FC-1.SF7-CP.Building Supply -T.Trend1,
383,OBJECT_TRENDLOG_3001849,NAE04/FC-1.NAE4-T1-FEC15.EF17-S.Trend1,
384,OBJECT_TRENDLOG_3001892,NAE04/FC-1.FCU-17.AV-7.Trend1,
385,OBJECT_TRENDLOG_3001897,NAE04/FC-1.FCU-21.AV-6.Trend1,
386,OBJECT_TRENDLOG_3001898,NAE04/FC-1.SF04-CP.Valve-O.Trend1,
387,OBJECT_TRENDLOG_3001899,NAE04/FC-1.SF04-CP.PUMP-S.Trend1,
388,OBJECT_TRENDLOG_3002000,NAE04/FC-1.NAE4-T1-FEC52.SF-S.Trend1,
389,OBJECT_TRENDLOG_3002002,NAE04/FC-1.NAE4-T1-FEC52.CLG-O.Trend1,
390,OBJECT_TRENDLOG_3002003,NAE04/FC-1.NAE4-T1-FEC52.SF-C.Trend1,
391,OBJECT_TRENDLOG_3002004,NAE04/FC-1.NAE4-T1-FEC52.ZN-T.Trend1,
392,OBJECT_TRENDLOG_3002005,NAE04/FC-1.NAE4-T1-FEC53.ZN-T.Trend1,
393,OBJECT_TRENDLOG_3002007,NAE04/FC-1.NAE4-T1-FEC53.SF-S.Trend1,
394,OBJECT_TRENDLOG_3002009,NAE04/FC-1.NAE4-T1-FEC53.CLG-O.Trend1,
395,OBJECT_TRENDLOG_3002010,NAE04/FC-1.NAE4-T1-FEC53.SF-C.Trend1,
396,OBJECT_TRENDLOG_3002011,NAE04/FC-1.NAE4-T1-FEC54.ZN-T.Trend1,
397,OBJECT_TRENDLOG_3002013,NAE04/FC-1.NAE4-T1-FEC54.SF-S.Trend1,
398,OBJECT_TRENDLOG_3002015,NAE04/FC-1.NAE4-T1-FEC54.CLG-O.Trend1,
399,OBJECT_TRENDLOG_3002016,NAE04/FC-1.NAE4-T1-FEC54.SF-C.Trend1,
400,OBJECT_TRENDLOG_3002018,NAE04/FC-1.NAE4-T1-FEC55.ZN-T.Trend1,
401,OBJECT_TRENDLOG_3002020,NAE04/FC-1.NAE4-T1-FEC55.SF-S.Trend1,
402,OBJECT_TRENDLOG_3002022,NAE04/FC-1.NAE4-T1-FEC55.CLG-O.Trend1,
403,OBJECT_TRENDLOG_3002023,NAE04/FC-1.NAE4-T1-FEC55.SF-C.Trend1,
404,OBJECT_TRENDLOG_3002259,NAE04/Programming.BldgTonage.Trend1,
405,OBJECT_TRENDLOG_3002343,NAE04/FC-1.SF7-CP.Enwave Supply-T.Trend1,
406,OBJECT_TRENDLOG_3002393,NAE04/FC-1.FCU-23.HTG-C.Trend1,
407,OBJECT_TRENDLOG_3002398,NAE04/FC-1.NAE4-T1-FEC15.HTG-O.Trend1,
408,OBJECT_TRENDLOG_3004721,NAE04/FC-1.NAE4-T1-FEC54.KITCHEN-EF-REQUEST-TO-RUN.Trend1,
409,OBJECT_TRENDLOG_3004733,NAE04/Event Rate Trend Log,
410,OBJECT_TRENDLOG_3004758,NAE04/FC-1.test.HTG-O.Trend1,
411,OBJECT_TRENDLOG_3004949,NAE04/FC-1.FCU-21.Trend1,
412,OBJECT_TRENDLOG_3004951,NAE04/FC-1.NAE4-T1-FEC54.KITCHEN-ECOLOGY-ENA.Trend1,
413,OBJECT_TRENDLOG_3004952,NAE04/FC-1.NAE4-T1-FEC54.KITCHEN-ECOLOGY-ENA.Trend2,
414,OBJECT_TRENDLOG_3004965,NAE04/BACnet1.18York_CO_Monitoring.AV-3.Trend1,co2 p3
415,OBJECT_TRENDLOG_3004966,NAE04/BACnet1.18York_CO_Monitoring.AV-2.Trend1,
416,OBJECT_TRENDLOG_3004967,NAE04/FC-1.NAE4-T1-FEC4.GSF04-S.Trend1,
417,OBJECT_TRENDLOG_3004968,NAE04/FC-1.NAE4-T1-FEC4.GSF05-S.Trend1,
418,OBJECT_TRENDLOG_3004969,NAE04/FC-1.NAE4-T1-FEC4.GSF06-S.Trend1,
419,OBJECT_TRENDLOG_3004970,NAE04/FC-1.NAE4-T1-FEC4.EF04-S.Trend1,
420,OBJECT_TRENDLOG_3004971,NAE04/BACnet1.18York_CO_Monitoring.AV-1.Trend1,
421,OBJECT_TRENDLOG_3004972,NAE04/FC-1.SF7-CP.GSF1-S.Trend1,
422,OBJECT_TRENDLOG_3004973,NAE04/FC-1.NAE4-T1-FEC15.GSF2-S.Trend1,
423,OBJECT_TRENDLOG_3004974,NAE04/FC-1.NAE4-T1-FEC4.EF03-S.Trend1,
424,OBJECT_TRENDLOG_3004975,NAE04/FC-1.EF-16.EF02-S.Trend1,
425,OBJECT_TRENDLOG_3004977,NAE04/FC-1.FCU-22.Fan-S.Trend1,
426,OBJECT_TRENDLOG_3004978,NAE04/FC-1.FCU-23.Fan-S.Trend1,
