,PROP_OBJECT_NAME,BACNET_APPLICATION_TAG_CHARACTER_STRING
0,OBJECT_DEVICE_508,NAE07
1,OBJECT_ANALOG_INPUT_3000268,NAE07/FC-1.NAE7-T1-FEC43.SCHWS-T
2,OBJECT_ANALOG_INPUT_3000269,NAE07/FC-1.NAE7-T1-FEC43.SCHWR-T
3,OBJECT_ANALOG_INPUT_3000282,NAE07/FC-1.NAE7-T1-FEC43.SCHW-DP
4,OBJECT_ANALOG_INPUT_3000299,NAE07/FC-1.NAE7-T1-FEC44.ZN-T
5,OBJECT_ANALOG_INPUT_3000303,NAE07/FC-1.NAE7-T1-FEC45.ZN21-T
6,OBJECT_ANALOG_INPUT_3000307,NAE07/FC-1.NAE7-T1-FEC45.ZN20-T
7,OBJECT_ANALOG_INPUT_3000320,NAE07/FC-1.NAE7-T1-FEC46.ZN19-T
8,OBJECT_ANALOG_INPUT_3000322,NAE07/FC-1.NAE7-T1-FEC46.EA13-H
9,OBJECT_ANALOG_INPUT_3000323,NAE07/FC-1.NAE7-T1-FEC46.EA19-H
10,OBJECT_ANALOG_INPUT_3000327,NAE07/FC-1.NAE7-T1-FEC46.EA10-H
11,OBJECT_ANALOG_INPUT_3000350,NAE07/FC-1.NAE7-T1-FEC50.ZN-T
12,OBJECT_ANALOG_INPUT_3000448,NAE07/FC-1.AHU 1&2.DA-H
13,OBJECT_ANALOG_INPUT_3000449,NAE07/FC-1.AHU 1&2.DA-T
14,OBJECT_ANALOG_INPUT_3000451,NAE07/FC-1.AHU 1&2.CHWR-T
15,OBJECT_ANALOG_INPUT_3000455,NAE07/FC-1.AHU 1&2.DA2-P
16,OBJECT_ANALOG_INPUT_3000462,NAE07/FC-1.AHU 1&2.CHWS-T
17,OBJECT_ANALOG_INPUT_3000509,NAE07/FC-1.AHU 1&2.DA2-T
18,OBJECT_ANALOG_INPUT_3000510,NAE07/FC-1.AHU 1&2.DA2-H
19,OBJECT_ANALOG_INPUT_3000547,NAE07/FC-1.NAE7-T1-FEC47.PCHWR-T
20,OBJECT_ANALOG_INPUT_3000548,NAE07/FC-1.NAE7-T1-FEC47.PCHWS-T
21,OBJECT_ANALOG_INPUT_3000607,NAE07/FC-1.NAE7-T1-FEC47.EA-H
22,OBJECT_ANALOG_INPUT_3000610,NAE07/FC-1.NAE7-T1-FEC43.PCHW-DP
23,OBJECT_ANALOG_INPUT_3000617,NAE07/FC-1.NAE7-T1-FEC52.SHWS-T
24,OBJECT_ANALOG_INPUT_3000620,NAE07/FC-1.NAE7-T1-FEC52.PHWS-T
25,OBJECT_ANALOG_INPUT_3000621,NAE07/FC-1.NAE7-T1-FEC52.SHWR-T
26,OBJECT_ANALOG_INPUT_3000632,NAE07/FC-1.NAE7-T1-FEC52.SHW-DP
27,OBJECT_ANALOG_INPUT_3000651,NAE07/FC-1.NAE7-T1-FEC52.OA-H
28,OBJECT_ANALOG_INPUT_3000652,NAE07/FC-1.NAE7-T1-FEC52.OA-T
29,OBJECT_ANALOG_INPUT_3000667,NAE07/FC-1.NAE7-T1-FEC52.PHW-DP
30,OBJECT_ANALOG_OUTPUT_3000276,NAE07/FC-1.NAE7-T1-FEC43.SCHWP16-O
31,OBJECT_ANALOG_OUTPUT_3000279,NAE07/FC-1.NAE7-T1-FEC43.SCHWP15-O
32,OBJECT_ANALOG_OUTPUT_3000280,NAE07/FC-1.NAE7-T1-FEC43.SCHWP14-O
33,OBJECT_ANALOG_OUTPUT_3000290,NAE07/FC-1.NAE7-T1-FEC44.EAD-O
34,OBJECT_ANALOG_OUTPUT_3000291,NAE07/FC-1.NAE7-T1-FEC44.RAD-O
35,OBJECT_ANALOG_OUTPUT_3000293,NAE07/FC-1.NAE7-T1-FEC44.OAD-O
36,OBJECT_ANALOG_OUTPUT_3000333,NAE07/FC-1.NAE7-T1-FEC47.EF12-O
37,OBJECT_ANALOG_OUTPUT_3000334,NAE07/FC-1.NAE7-T1-FEC47.EF11-O
38,OBJECT_ANALOG_OUTPUT_3000345,NAE07/FC-1.NAE7-T1-FEC50.CLG-O
39,OBJECT_ANALOG_OUTPUT_3000450,NAE07/FC-1.AHU 1&2.HUM-O
40,OBJECT_ANALOG_OUTPUT_3000452,NAE07/FC-1.AHU 1&2.SF-O
41,OBJECT_ANALOG_OUTPUT_3000461,NAE07/FC-1.AHU 1&2.SF2-O
42,OBJECT_ANALOG_OUTPUT_3000501,NAE07/FC-1.AHU 1&2.HUM2-O
43,OBJECT_ANALOG_OUTPUT_3000502,NAE07/FC-1.AHU 1&2.CV1-%
44,OBJECT_ANALOG_OUTPUT_3000534,NAE07/FC-1.NAE7-T1-FEC46.EF10-O
45,OBJECT_ANALOG_OUTPUT_3000535,NAE07/FC-1.NAE7-T1-FEC46.EF13-O
46,OBJECT_ANALOG_OUTPUT_3000614,NAE07/FC-1.NAE7-T1-FEC43.SCHW Mixing Vavle -%
47,OBJECT_ANALOG_OUTPUT_3000622,NAE07/FC-1.NAE7-T1-FEC52.SHWP1-O
48,OBJECT_ANALOG_OUTPUT_3000623,NAE07/FC-1.NAE7-T1-FEC52.SHWP2-O
49,OBJECT_ANALOG_OUTPUT_3000643,NAE07/FC-1.NAE7-T1-FEC52.PHWP1-O
50,OBJECT_ANALOG_OUTPUT_3000644,NAE07/FC-1.NAE7-T1-FEC52.PHWP2-O
51,OBJECT_ANALOG_OUTPUT_3000668,NAE07/FC-1.NAE7-T1-FEC52.HWV--%
52,OBJECT_ANALOG_OUTPUT_3000740,NAE07/FC-1.NAE7-T1-FEC52.BLRSP-O
53,OBJECT_ANALOG_VALUE_3000285,NAE07/FC-1.NAE7-T1-FEC43.SCHWPSTG-SP
54,OBJECT_ANALOG_VALUE_3000287,NAE07/FC-1.NAE7-T1-FEC43.SCHWDP-SP
55,OBJECT_ANALOG_VALUE_3000300,NAE07/FC-1.NAE7-T1-FEC44.Purge Cycle Timer
56,OBJECT_ANALOG_VALUE_3000302,NAE07/FC-1.NAE7-T1-FEC44.Space Temp Setpoint
57,OBJECT_ANALOG_VALUE_3000311,NAE07/FC-1.NAE7-T1-FEC45.EF 20 Setpoint
58,OBJECT_ANALOG_VALUE_3000312,NAE07/FC-1.NAE7-T1-FEC45.EF 21 Setpoint
59,OBJECT_ANALOG_VALUE_3000351,NAE07/FC-1.NAE7-T1-FEC50.ZNT-SP
60,OBJECT_ANALOG_VALUE_3000352,NAE07/FC-1.NAE7-T1-FEC50.Min On Timer
61,OBJECT_ANALOG_VALUE_3000458,NAE07/FC-1.AHU 1&2.CHWR-T SP
62,OBJECT_ANALOG_VALUE_3000459,NAE07/FC-1.AHU 1&2.RARH-1
63,OBJECT_ANALOG_VALUE_3000460,NAE07/FC-1.AHU 1&2.RARH-2
64,OBJECT_ANALOG_VALUE_3000470,NAE07/FC-1.AHU 1&2.DAT-SP
65,OBJECT_ANALOG_VALUE_3000471,NAE07/FC-1.AHU 1&2.DAP-SP
66,OBJECT_ANALOG_VALUE_3000472,NAE07/FC-1.AHU 1&2.HTG-RAMPRATE
67,OBJECT_ANALOG_VALUE_3000474,NAE07/FC-1.AHU 1&2.LT-SP
68,OBJECT_ANALOG_VALUE_3000475,NAE07/FC-1.AHU 1&2.OALT-SP
69,OBJECT_ANALOG_VALUE_3000478,NAE07/FC-1.AHU 1&2.OA-T
70,OBJECT_ANALOG_VALUE_3000486,NAE07/FC-1.AHU 1&2.SFSTG-SP
71,OBJECT_ANALOG_VALUE_3000494,NAE07/FC-1.AHU 1&2.PFRESTART-TIME
72,OBJECT_ANALOG_VALUE_3000498,NAE07/FC-1.AHU 1&2.OCCMODE-BYPASSTIME
73,OBJECT_ANALOG_VALUE_3000505,NAE07/FC-1.AHU 1&2.PreHeat Control ABSERROR
74,OBJECT_ANALOG_VALUE_3000506,NAE07/FC-1.AHU 1&2.PreHeat Control ABSEFFORT
75,OBJECT_ANALOG_VALUE_3000507,NAE07/FC-1.AHU 1&2.PreHeat Control ERROR
76,OBJECT_ANALOG_VALUE_3000508,NAE07/FC-1.AHU 1&2.PreHeat Control EWMA
77,OBJECT_ANALOG_VALUE_3000517,NAE07/FC-1.AHU 1&2.DATHTGUNOCC-SP
78,OBJECT_ANALOG_VALUE_3000518,NAE07/FC-1.AHU 1&2.DATCLGUNOCC-SP
79,OBJECT_ANALOG_VALUE_3000519,NAE07/FC-1.AHU 1&2.EFFDAT-SP
80,OBJECT_ANALOG_VALUE_3000520,NAE07/FC-1.AHU 1&2.EMERGENCY SF-O
81,OBJECT_ANALOG_VALUE_3000521,NAE07/FC-1.AHU 1&2.EMERGENCY DAP-SP
82,OBJECT_ANALOG_VALUE_3000536,NAE07/FC-1.NAE7-T1-FEC46.Mech Rm Temp Setpoint
83,OBJECT_ANALOG_VALUE_3000544,NAE07/FC-1.NAE7-T1-FEC47.EF 11 Speed
84,OBJECT_ANALOG_VALUE_3000545,NAE07/FC-1.NAE7-T1-FEC47.EF12-Flow Setpoint
85,OBJECT_ANALOG_VALUE_3000546,NAE07/FC-1.NAE7-T1-FEC47.EF12-Total Flow
86,OBJECT_ANALOG_VALUE_3000562,NAE07/FC-1.NAE7-T1-FEC45.OA-T
87,OBJECT_ANALOG_VALUE_3000585,NAE07/FC-1.NAE7-T1-FEC46.OA-T
88,OBJECT_ANALOG_VALUE_3000648,NAE07/FC-1.NAE7-T1-FEC52.PCHWDP-SP
89,OBJECT_ANALOG_VALUE_3000654,NAE07/FC-1.NAE7-T1-FEC52.SHWDP-SP
90,OBJECT_ANALOG_VALUE_3000655,NAE07/FC-1.NAE7-T1-FEC52.PHWP1-RUNTIME
91,OBJECT_ANALOG_VALUE_3000656,NAE07/FC-1.NAE7-T1-FEC52.PHWP2-RUNTIME
92,OBJECT_ANALOG_VALUE_3000657,NAE07/FC-1.NAE7-T1-FEC52.PHWP-RUNNING
93,OBJECT_ANALOG_VALUE_3000658,NAE07/FC-1.NAE7-T1-FEC52.PMPDOWN-TIME
94,OBJECT_ANALOG_VALUE_3000662,NAE07/FC-1.NAE7-T1-FEC52.SHWP1-RUNTIME
95,OBJECT_ANALOG_VALUE_3000670,NAE07/FC-1.NAE7-T1-FEC52.HWST-SP
96,OBJECT_ANALOG_VALUE_3000735,NAE07/FC-1.NAE7-T1-FEC52.OA Low Setpoint
97,OBJECT_ANALOG_VALUE_3000736,NAE07/FC-1.NAE7-T1-FEC52.BLR Low Setpoint
98,OBJECT_ANALOG_VALUE_3000737,NAE07/FC-1.NAE7-T1-FEC52.OA High Setpoint
99,OBJECT_ANALOG_VALUE_3000738,NAE07/FC-1.NAE7-T1-FEC52.Blr High Setpoint
100,OBJECT_ANALOG_VALUE_3000739,NAE07/FC-1.NAE7-T1-FEC52.Boiler system Enable Temp
101,OBJECT_ANALOG_VALUE_3000781,NAE07/FC-1.NAE7-T1-FEC52.SHWP2-RUNTIME
102,OBJECT_ANALOG_VALUE_3000893,NAE07/FC-1.FCU-28.AV-7
103,OBJECT_ANALOG_VALUE_3000894,NAE07/FC-1.FCU-28.AV-44
104,OBJECT_ANALOG_VALUE_3000895,NAE07/FC-1.FCU-28.AV-42
105,OBJECT_ANALOG_VALUE_3000896,NAE07/FC-1.FCU-28.AV-40
106,OBJECT_ANALOG_VALUE_3000901,NAE07/FC-1.FCU-28.AV-22
107,OBJECT_ANALOG_VALUE_3001385,NAE07/FC-1.NAE7-T1-FEC43.SCHWP1-RUNTIME
108,OBJECT_ANALOG_VALUE_3001386,NAE07/FC-1.NAE7-T1-FEC43.SCHWP2-RUNTIME
109,OBJECT_ANALOG_VALUE_3001387,NAE07/FC-1.NAE7-T1-FEC43.SCHWP3-RUNTIME
110,OBJECT_ANALOG_VALUE_3001544,NAE07/FC-1.AHU 1&2.%RH Shutdown
111,OBJECT_ANALOG_VALUE_3001546,NAE07/FC-1.AHU 1&2.OA-LOW
112,OBJECT_ANALOG_VALUE_3001547,NAE07/FC-1.AHU 1&2.RARH-LOW
113,OBJECT_ANALOG_VALUE_3001548,NAE07/FC-1.AHU 1&2.OA-HIGH
114,OBJECT_ANALOG_VALUE_3001549,NAE07/FC-1.AHU 1&2.Max DA-H
115,OBJECT_ANALOG_VALUE_3001550,NAE07/FC-1.AHU 1&2.RARH-HIGH
116,OBJECT_ANALOG_VALUE_3001551,NAE07/FC-1.AHU 1&2.Max HUM-O Position
117,OBJECT_ANALOG_VALUE_3001552,NAE07/FC-1.AHU 1&2.% Stg Dwn SP
118,OBJECT_ANALOG_VALUE_3001553,NAE07/FC-1.AHU 1&2.HUM-SP
119,OBJECT_ANALOG_VALUE_3001556,NAE07/FC-1.NAE7-T1-FEC52.Secondary SP
120,OBJECT_ANALOG_VALUE_3002025,NAE07/FC-1.NAE7-T1-FEC52.PHW-SP
121,OBJECT_ANALOG_VALUE_3002075,NAE07/Programming.Boilers PrimaryAdj
122,OBJECT_ANALOG_VALUE_3003025,NAE07/Programming.HWS Setpoints Occ-Unocc.Occ Blr High Sp
123,OBJECT_ANALOG_VALUE_3003026,NAE07/Programming.HWS Setpoints Occ-Unocc.Occ Blr Low Sp
124,OBJECT_ANALOG_VALUE_3003027,NAE07/Programming.HWS Setpoints Occ-Unocc.UnOcc Blr High Sp
125,OBJECT_ANALOG_VALUE_3003028,NAE07/Programming.HWS Setpoints Occ-Unocc.UnOcc Blr Low Sp
126,OBJECT_ANALOG_VALUE_3003151,NAE07/FC-1.NAE7-T1-FEC52.SHWTS-SP
127,OBJECT_ANALOG_VALUE_3003152,NAE07/FC-1.NAE7-T1-FEC52.Boiler setpoint
128,OBJECT_ANALOG_VALUE_3003199,NAE07/Programming.HWS Boilers- Pumps Runtime.BLR4-Runtime
129,OBJECT_ANALOG_VALUE_3003203,NAE07/Programming.HWS Boilers- Pumps Runtime.BLR1-Runtime
130,OBJECT_ANALOG_VALUE_3003204,NAE07/Programming.HWS Boilers- Pumps Runtime.BLR1P1-Runtime
131,OBJECT_ANALOG_VALUE_3003205,NAE07/Programming.HWS Boilers- Pumps Runtime.BLR2-Runtime
132,OBJECT_ANALOG_VALUE_3003206,NAE07/Programming.HWS Boilers- Pumps Runtime.BLR2P2 Runtime
133,OBJECT_ANALOG_VALUE_3003207,NAE07/Programming.HWS Boilers- Pumps Runtime.BLR3-Runtime
134,OBJECT_ANALOG_VALUE_3003208,NAE07/Programming.HWS Boilers- Pumps Runtime.BLR3P3-Runtime
135,OBJECT_ANALOG_VALUE_3003209,NAE07/Programming.HWS Boilers- Pumps Runtime.BLR4P4-Runtime
136,OBJECT_ANALOG_VALUE_3003210,NAE07/Programming.HWS Boilers- Pumps Runtime.BLR5-Runtime
137,OBJECT_ANALOG_VALUE_3003211,NAE07/Programming.HWS Boilers- Pumps Runtime.BLR5P5-Runtime
138,OBJECT_BINARY_INPUT_3000274,NAE07/FC-1.NAE7-T1-FEC43.SCHWP16-S
139,OBJECT_BINARY_INPUT_3000275,NAE07/FC-1.NAE7-T1-FEC43.SCHWP15-S
140,OBJECT_BINARY_INPUT_3000278,NAE07/FC-1.NAE7-T1-FEC43.SCHWP14-S
141,OBJECT_BINARY_INPUT_3000288,NAE07/FC-1.NAE7-T1-FEC44.GENA-S
142,OBJECT_BINARY_INPUT_3000292,NAE07/FC-1.NAE7-T1-FEC44.EAD-ES
143,OBJECT_BINARY_INPUT_3000295,NAE07/FC-1.NAE7-T1-FEC44.EF28-S
144,OBJECT_BINARY_INPUT_3000297,NAE07/FC-1.NAE7-T1-FEC44.OAD-ES
145,OBJECT_BINARY_INPUT_3000298,NAE07/FC-1.NAE7-T1-FEC44.RAD-ES
146,OBJECT_BINARY_INPUT_3000304,NAE07/FC-1.NAE7-T1-FEC45.HT21-A
147,OBJECT_BINARY_INPUT_3000305,NAE07/FC-1.NAE7-T1-FEC45.EF21-S
148,OBJECT_BINARY_INPUT_3000308,NAE07/FC-1.NAE7-T1-FEC45.HT20-A
149,OBJECT_BINARY_INPUT_3000310,NAE07/FC-1.NAE7-T1-FEC45.EF20-S
150,OBJECT_BINARY_INPUT_3000315,NAE07/FC-1.NAE7-T1-FEC46.HT19-A
151,OBJECT_BINARY_INPUT_3000318,NAE07/FC-1.NAE7-T1-FEC46.HT10-A
152,OBJECT_BINARY_INPUT_3000319,NAE07/FC-1.NAE7-T1-FEC46.EF19-S
153,OBJECT_BINARY_INPUT_3000321,NAE07/FC-1.NAE7-T1-FEC46.EF10-S
154,OBJECT_BINARY_INPUT_3000324,NAE07/FC-1.NAE7-T1-FEC46.HT13-A
155,OBJECT_BINARY_INPUT_3000325,NAE07/FC-1.NAE7-T1-FEC46.EF13-S
156,OBJECT_BINARY_INPUT_3000335,NAE07/FC-1.NAE7-T1-FEC47.HT12-A
157,OBJECT_BINARY_INPUT_3000336,NAE07/FC-1.NAE7-T1-FEC47.EF12-S
158,OBJECT_BINARY_INPUT_3000338,NAE07/FC-1.NAE7-T1-FEC47.HT11-A
159,OBJECT_BINARY_INPUT_3000340,NAE07/FC-1.NAE7-T1-FEC47.EF11-S
160,OBJECT_BINARY_INPUT_3000346,NAE07/FC-1.NAE7-T1-FEC50.FILT-S
161,OBJECT_BINARY_INPUT_3000348,NAE07/FC-1.NAE7-T1-FEC50.SF-S
162,OBJECT_BINARY_INPUT_3000445,NAE07/FC-1.AHU 1&2.DAPHI-A
163,OBJECT_BINARY_INPUT_3000446,NAE07/FC-1.AHU 1&2.LT-A
164,OBJECT_BINARY_INPUT_3000447,NAE07/FC-1.AHU 1&2.PFILT-S
165,OBJECT_BINARY_INPUT_3000453,NAE07/FC-1.AHU 1&2.SF-S
166,OBJECT_BINARY_INPUT_3000456,NAE07/FC-1.AHU 1&2.PFILT2-S
167,OBJECT_BINARY_INPUT_3000457,NAE07/FC-1.AHU 1&2.LT2-A
168,OBJECT_BINARY_INPUT_3000464,NAE07/FC-1.AHU 1&2.SF2-S
169,OBJECT_BINARY_INPUT_3000511,NAE07/FC-1.AHU 1&2.DAPHI2-A
170,OBJECT_BINARY_INPUT_3000568,NAE07/FC-1.STEAM.STM-B1-STS
171,OBJECT_BINARY_INPUT_3000570,NAE07/FC-1.STEAM.STM-B2-STS
172,OBJECT_BINARY_INPUT_3000571,NAE07/FC-1.STEAM.STM-B1-ALM
173,OBJECT_BINARY_INPUT_3000572,NAE07/FC-1.STEAM.STM-B2-ALM
174,OBJECT_BINARY_INPUT_3000615,NAE07/FC-1.NAE7-T1-FEC52.BLR2-S
175,OBJECT_BINARY_INPUT_3000618,NAE07/FC-1.NAE7-T1-FEC52.BLR1-S
176,OBJECT_BINARY_INPUT_3000619,NAE07/FC-1.NAE7-T1-FEC52.BP2-S
177,OBJECT_BINARY_INPUT_3000624,NAE07/FC-1.NAE7-T1-FEC52.BLR4-S
178,OBJECT_BINARY_INPUT_3000627,NAE07/FC-1.NAE7-T1-FEC52.BP4-S
179,OBJECT_BINARY_INPUT_3000628,NAE07/FC-1.NAE7-T1-FEC52.OAD-ES
180,OBJECT_BINARY_INPUT_3000629,NAE07/FC-1.NAE7-T1-FEC52.BLR3-S
181,OBJECT_BINARY_INPUT_3000631,NAE07/FC-1.NAE7-T1-FEC52.BP3-S
182,OBJECT_BINARY_INPUT_3000637,NAE07/FC-1.NAE7-T1-FEC52.BP5-S
183,OBJECT_BINARY_INPUT_3000638,NAE07/FC-1.NAE7-T1-FEC52.BLR6-S
184,OBJECT_BINARY_INPUT_3000639,NAE07/FC-1.NAE7-T1-FEC52.SHWP1-S
185,OBJECT_BINARY_INPUT_3000640,NAE07/FC-1.NAE7-T1-FEC52.SHWP2-S
186,OBJECT_BINARY_INPUT_3000641,NAE07/FC-1.NAE7-T1-FEC52.BP6-S
187,OBJECT_BINARY_INPUT_3000642,NAE07/FC-1.NAE7-T1-FEC52.BLR5-S
188,OBJECT_BINARY_INPUT_3000645,NAE07/FC-1.NAE7-T1-FEC52.PHWP1-S
189,OBJECT_BINARY_INPUT_3000647,NAE07/FC-1.NAE7-T1-FEC52.PHWP2-S
190,OBJECT_BINARY_INPUT_3000666,NAE07/FC-1.NAE7-T1-FEC52.BP1-S
191,OBJECT_BINARY_OUTPUT_3000270,NAE07/FC-1.NAE7-T1-FEC43.V24-C
192,OBJECT_BINARY_OUTPUT_3000271,NAE07/FC-1.NAE7-T1-FEC43.V23-C
193,OBJECT_BINARY_OUTPUT_3000272,NAE07/FC-1.NAE7-T1-FEC43.SCHWP15-C
194,OBJECT_BINARY_OUTPUT_3000273,NAE07/FC-1.NAE7-T1-FEC43.SCHWP16-C
195,OBJECT_BINARY_OUTPUT_3000277,NAE07/FC-1.NAE7-T1-FEC43.SCHWP14-C
196,OBJECT_BINARY_OUTPUT_3000289,NAE07/FC-1.NAE7-T1-FEC44.OAD-C
197,OBJECT_BINARY_OUTPUT_3000294,NAE07/FC-1.NAE7-T1-FEC44.EFGEAD-C
198,OBJECT_BINARY_OUTPUT_3000296,NAE07/FC-1.NAE7-T1-FEC44.EF28-C
199,OBJECT_BINARY_OUTPUT_3000306,NAE07/FC-1.NAE7-T1-FEC45.EF21-C
200,OBJECT_BINARY_OUTPUT_3000309,NAE07/FC-1.NAE7-T1-FEC45.EF20-C
201,OBJECT_BINARY_OUTPUT_3000316,NAE07/FC-1.NAE7-T1-FEC46.EF19-C
202,OBJECT_BINARY_OUTPUT_3000317,NAE07/FC-1.NAE7-T1-FEC46.EF10-C
203,OBJECT_BINARY_OUTPUT_3000326,NAE07/FC-1.NAE7-T1-FEC46.EF13-C
204,OBJECT_BINARY_OUTPUT_3000337,NAE07/FC-1.NAE7-T1-FEC47.EF12-C
205,OBJECT_BINARY_OUTPUT_3000339,NAE07/FC-1.NAE7-T1-FEC47.EF11-C
206,OBJECT_BINARY_OUTPUT_3000347,NAE07/FC-1.NAE7-T1-FEC50.SF-C
207,OBJECT_BINARY_OUTPUT_3000454,NAE07/FC-1.AHU 1&2.SF-C
208,OBJECT_BINARY_OUTPUT_3000463,NAE07/FC-1.AHU 1&2.SF2-C
209,OBJECT_BINARY_OUTPUT_3000567,NAE07/FC-1.STEAM.STM-B1-C
210,OBJECT_BINARY_OUTPUT_3000569,NAE07/FC-1.STEAM.STM-B2-C
211,OBJECT_BINARY_OUTPUT_3000616,NAE07/FC-1.NAE7-T1-FEC52.BLR3-EN
212,OBJECT_BINARY_OUTPUT_3000625,NAE07/FC-1.NAE7-T1-FEC52.BLR6-EN
213,OBJECT_BINARY_OUTPUT_3000626,NAE07/FC-1.NAE7-T1-FEC52.SHWP2-C
214,OBJECT_BINARY_OUTPUT_3000630,NAE07/FC-1.NAE7-T1-FEC52.BLR5-EN
215,OBJECT_BINARY_OUTPUT_3000633,NAE07/FC-1.NAE7-T1-FEC52.BLR4-EN
216,OBJECT_BINARY_OUTPUT_3000634,NAE07/FC-1.NAE7-T1-FEC52.SHWP1-C
217,OBJECT_BINARY_OUTPUT_3000635,NAE07/FC-1.NAE7-T1-FEC52.PHWP1-C
218,OBJECT_BINARY_OUTPUT_3000636,NAE07/FC-1.NAE7-T1-FEC52.PHWP2-C
219,OBJECT_BINARY_OUTPUT_3000646,NAE07/FC-1.NAE7-T1-FEC52.OAD-C
220,OBJECT_BINARY_OUTPUT_3000649,NAE07/FC-1.NAE7-T1-FEC52.BLR1-EN
221,OBJECT_BINARY_OUTPUT_3000650,NAE07/FC-1.NAE7-T1-FEC52.BLR2-EN
222,OBJECT_BINARY_VALUE_3000284,NAE07/FC-1.NAE7-T1-FEC43.SYSTEM-EN
223,OBJECT_BINARY_VALUE_3000286,NAE07/FC-1.NAE7-T1-FEC43.SCHWP-ROT
224,OBJECT_BINARY_VALUE_3000301,NAE07/FC-1.NAE7-T1-FEC44.Purge Cycle Enable
225,OBJECT_BINARY_VALUE_3000466,NAE07/FC-1.AHU 1&2.TUNING-RESET
226,OBJECT_BINARY_VALUE_3000473,NAE07/FC-1.AHU 1&2.HUM-EN
227,OBJECT_BINARY_VALUE_3000479,NAE07/FC-1.AHU 1&2.PH-EN
228,OBJECT_BINARY_VALUE_3000493,NAE07/FC-1.AHU 1&2.PFRESTART-EN
229,OBJECT_BINARY_VALUE_3000496,NAE07/FC-1.AHU 1&2.PH-AVAILABLE
230,OBJECT_BINARY_VALUE_3000503,NAE07/FC-1.AHU 1&2.PreHeat Control TUNING-RESET
231,OBJECT_BINARY_VALUE_3000653,NAE07/FC-1.NAE7-T1-FEC52.TUNING-RESET
232,OBJECT_BINARY_VALUE_3000659,NAE07/FC-1.NAE7-T1-FEC52.PHWP-ROT
233,OBJECT_BINARY_VALUE_3000660,NAE07/FC-1.NAE7-T1-FEC52.SHWP-ROT
234,OBJECT_BINARY_VALUE_3000665,NAE07/FC-1.NAE7-T1-FEC52.HWSYS-AVAILABLE
235,OBJECT_BINARY_VALUE_3000669,NAE07/FC-1.NAE7-T1-FEC52.HWV TUNING-RESET
236,OBJECT_BINARY_VALUE_3000943,NAE07/FC-1.NAE7-T1-FEC43.Reset Required
237,OBJECT_BINARY_VALUE_3001227,NAE07/Programming.SCHWP Fail Disable AHU1 2
238,OBJECT_BINARY_VALUE_3001348,NAE07/Programming.AHU 1 2 Humidity.Steam Enable
239,OBJECT_BINARY_VALUE_3001543,NAE07/FC-1.AHU 1&2.Limited Humidity Control
240,OBJECT_BINARY_VALUE_3001545,NAE07/FC-1.AHU 1&2.High Humidity Lock OUt
241,OBJECT_BINARY_VALUE_3001866,NAE07/Programming.Winter Mode.FP
242,OBJECT_PROGRAM_3000799,NAE07/Programming.OAT Freezing Check
243,OBJECT_PROGRAM_3000953,NAE07/Programming.Winter Mode.Winter Setup
244,OBJECT_PROGRAM_3001170,NAE07/Programming.AHU 1 2 Freeze Protection_
245,OBJECT_PROGRAM_3001349,NAE07/Programming.AHU 1 2 Humidity.Humidity Control
246,OBJECT_PROGRAM_3002071,NAE07/Programming.Boilers Primary SetPoint
247,OBJECT_PROGRAM_3003023,NAE07/Programming.HWS Setpoints Occ-Unocc.HWS Setpoints Occ-Unocc
248,OBJECT_PROGRAM_3003200,NAE07/Programming.HWS Boilers- Pumps Runtime.Boilers-Pumps Runtime
249,OBJECT_SCHEDULE_3000515,NAE07/Schedule.AHU1-2
250,OBJECT_SCHEDULE_3000574,NAE07/Schedule.Long Weekend Shutdown
251,OBJECT_SCHEDULE_3000905,NAE07/Schedule.MASTER FAN SCHEDULE
252,OBJECT_SCHEDULE_3001664,NAE07/Schedule.AHU 1&2 static pressure
253,OBJECT_SCHEDULE_3001868,NAE07/Schedule.AHU Humidity
254,OBJECT_SCHEDULE_3001877,NAE07/Schedule.Boiler High Setpoint
255,OBJECT_SCHEDULE_3001878,NAE07/Schedule.Boiler Low Setpoint
256,OBJECT_SCHEDULE_3001879,NAE07/Schedule.Viessmann Boilers
257,OBJECT_SCHEDULE_3001922,NAE07/Schedule.EF-11
258,OBJECT_SCHEDULE_3001923,NAE07/Schedule.EF-13
259,OBJECT_SCHEDULE_3001924,NAE07/Schedule.EF-10
260,OBJECT_SCHEDULE_3001936,NAE07/Schedule.AHU-3
261,OBJECT_SCHEDULE_3001966,NAE07/Schedule.EF-11 OutPut
262,OBJECT_SCHEDULE_3003057,NAE07/Schedule.HWS Schedule
263,OBJECT_MULTI_STATE_VALUE_3000283,NAE07/FC-1.NAE7-T1-FEC43.SYS-RESET
264,OBJECT_MULTI_STATE_VALUE_3000328,NAE07/FC-1.NAE7-T1-FEC46.EF10_ENABLE
265,OBJECT_MULTI_STATE_VALUE_3000329,NAE07/FC-1.NAE7-T1-FEC46.EF13_ENABLE
266,OBJECT_MULTI_STATE_VALUE_3000341,NAE07/FC-1.NAE7-T1-FEC47.EF11_ENABLE
267,OBJECT_MULTI_STATE_VALUE_3000342,NAE07/FC-1.NAE7-T1-FEC47.EF12_ENABLE
268,OBJECT_MULTI_STATE_VALUE_3000353,NAE07/FC-1.NAE7-T1-FEC50.Occupied
269,OBJECT_MULTI_STATE_VALUE_3000465,NAE07/FC-1.AHU 1&2.APP-MODE
270,OBJECT_MULTI_STATE_VALUE_3000476,NAE07/FC-1.AHU 1&2.OCC-OVERRIDE
271,OBJECT_MULTI_STATE_VALUE_3000477,NAE07/FC-1.AHU 1&2.OCC-SCHEDULE
272,OBJECT_MULTI_STATE_VALUE_3000480,NAE07/FC-1.AHU 1&2.HUM-OUTSTATE
273,OBJECT_MULTI_STATE_VALUE_3000484,NAE07/FC-1.AHU 1&2.SF-OUTSTATE
274,OBJECT_MULTI_STATE_VALUE_3000485,NAE07/FC-1.AHU 1&2.SF-LEAD
275,OBJECT_MULTI_STATE_VALUE_3000487,NAE07/FC-1.AHU 1&2.UNITEN-MODE
276,OBJECT_MULTI_STATE_VALUE_3000488,NAE07/FC-1.AHU 1&2.UNIT-RESET
277,OBJECT_MULTI_STATE_VALUE_3000489,NAE07/FC-1.AHU 1&2.WC-C
278,OBJECT_MULTI_STATE_VALUE_3000497,NAE07/FC-1.AHU 1&2.EFF-OCC
279,OBJECT_MULTI_STATE_VALUE_3000499,NAE07/FC-1.AHU 1&2.AHU-STATE
280,OBJECT_MULTI_STATE_VALUE_3000500,NAE07/FC-1.AHU 1&2.HUM-STATE
281,OBJECT_MULTI_STATE_VALUE_3000504,NAE07/FC-1.AHU 1&2.PreHeat Control SL-OUTSTATE
282,OBJECT_MULTI_STATE_VALUE_3000522,NAE07/FC-1.AHU 1&2.SMOKE SEQUENCE-STATE
283,OBJECT_MULTI_STATE_VALUE_3000523,NAE07/FC-1.AHU 1&2.NOFLOW-STATE
284,OBJECT_MULTI_STATE_VALUE_3000524,NAE07/FC-1.AHU 1&2.STARTSTOP-STATE
285,OBJECT_MULTI_STATE_VALUE_3000525,NAE07/FC-1.AHU 1&2.UNITEN-STATE
286,OBJECT_MULTI_STATE_VALUE_3000561,NAE07/FC-1.NAE7-T1-FEC45.EF-20 ENABLE
287,OBJECT_MULTI_STATE_VALUE_3000563,NAE07/FC-1.NAE7-T1-FEC45.EF-21  ENABLE
288,OBJECT_MULTI_STATE_VALUE_3000565,NAE07/FC-1.STEAM.STM-B1-EN
289,OBJECT_MULTI_STATE_VALUE_3000566,NAE07/FC-1.STEAM.STM-B2-EN
290,OBJECT_MULTI_STATE_VALUE_3000613,NAE07/FC-1.NAE7-T1-FEC43.Summer Winter Switch
291,OBJECT_MULTI_STATE_VALUE_3000661,NAE07/FC-1.NAE7-T1-FEC52.SHWPID-STATE
292,OBJECT_MULTI_STATE_VALUE_3000664,NAE07/FC-1.NAE7-T1-FEC52.SYS-RESET
293,OBJECT_MULTI_STATE_VALUE_3000848,NAE07/Programming.OA-T Below Zero
294,OBJECT_MULTI_STATE_VALUE_3000898,NAE07/FC-1.FCU-28.MV-28
295,OBJECT_MULTI_STATE_VALUE_3000899,NAE07/FC-1.FCU-28.MV-17
296,OBJECT_MULTI_STATE_VALUE_3000900,NAE07/FC-1.FCU-28.MV-62
297,OBJECT_MULTI_STATE_VALUE_3000942,NAE07/FC-1.NAE7-T1-FEC43.Emergency Power Mode
298,OBJECT_MULTI_STATE_VALUE_3000952,NAE07/Programming.Winter Mode.WinterMode
299,OBJECT_MULTI_STATE_VALUE_3001541,NAE07/FC-1.AHU 1&2.AHU 2 Alarm
300,OBJECT_MULTI_STATE_VALUE_3001542,NAE07/FC-1.AHU 1&2.AHU 1 Alarm
301,OBJECT_MULTI_STATE_VALUE_3002592,NAE07/FC-1.NAE7-T1-FEC52.PHWP1 Alarm
302,OBJECT_MULTI_STATE_VALUE_3002594,NAE07/FC-1.NAE7-T1-FEC52.PHWP2 Alarm
303,OBJECT_MULTI_STATE_VALUE_3002595,NAE07/FC-1.NAE7-T1-FEC52.SHWP1 Alarm
304,OBJECT_MULTI_STATE_VALUE_3002596,NAE07/FC-1.NAE7-T1-FEC52.SHWP2 Alarm
305,OBJECT_MULTI_STATE_VALUE_3003024,NAE07/Programming.HWS Setpoints Occ-Unocc.HWS Schedule
306,OBJECT_TRENDLOG_3000005,NAE07/Memory Usage Trend Log
307,OBJECT_TRENDLOG_3000553,NAE07/FC-1.AHU 1&2.DA-T.Trend1
308,OBJECT_TRENDLOG_3000554,NAE07/FC-1.AHU 1&2.DA2-P.Trend1
309,OBJECT_TRENDLOG_3000555,NAE07/FC-1.AHU 1&2.SF-O.Trend1
310,OBJECT_TRENDLOG_3000556,NAE07/FC-1.AHU 1&2.DA2-T.Trend1
311,OBJECT_TRENDLOG_3000573,NAE07/FC-1.AHU 1&2.DA-H.Trend1
312,OBJECT_TRENDLOG_3000577,NAE07/FC-1.NAE7-T1-FEC47.PCHWS-T.Trend1
313,OBJECT_TRENDLOG_3000578,NAE07/FC-1.NAE7-T1-FEC47.PCHWR-T.Trend1
314,OBJECT_TRENDLOG_3000579,NAE07/FC-1.NAE7-T1-FEC43.SCHWS-T.Trend1
315,OBJECT_TRENDLOG_3000580,NAE07/FC-1.NAE7-T1-FEC43.SCHWR-T.Trend1
316,OBJECT_TRENDLOG_3000582,NAE07/FC-1.AHU 1&2.CHWR-T.Trend1
317,OBJECT_TRENDLOG_3000583,NAE07/FC-1.NAE7-T1-FEC50.ZN-T.Trend1
318,OBJECT_TRENDLOG_3000584,NAE07/FC-1.NAE7-T1-FEC50.SF-S.Trend1
319,OBJECT_TRENDLOG_3000592,NAE07/FC-1.AHU 1&2.DA2-H.Trend1
320,OBJECT_TRENDLOG_3000608,NAE07/FC-1.AHU 1&2.CHWS-T.Trend1
321,OBJECT_TRENDLOG_3000611,NAE07/FC-1.NAE7-T1-FEC43.SCHW-DP.Trend1
322,OBJECT_TRENDLOG_3000612,NAE07/FC-1.NAE7-T1-FEC43.PCHW-DP.Trend1
323,OBJECT_TRENDLOG_3000676,NAE07/FC-1.NAE7-T1-FEC52.SHWS-T.Trend1
324,OBJECT_TRENDLOG_3000677,NAE07/FC-1.NAE7-T1-FEC52.SHW-DP.Trend1
325,OBJECT_TRENDLOG_3000709,NAE07/FC-1.NAE7-T1-FEC52.HWSYS-AVAILABLE.Trend1
326,OBJECT_TRENDLOG_3000711,NAE07/FC-1.NAE7-T1-FEC52.PHWP1-O.Trend1
327,OBJECT_TRENDLOG_3000712,NAE07/FC-1.NAE7-T1-FEC52.PHWP2-O.Trend1
328,OBJECT_TRENDLOG_3000714,NAE07/FC-1.NAE7-T1-FEC52.OA-T.Trend1
329,OBJECT_TRENDLOG_3000722,NAE07/FC-1.NAE7-T1-FEC52.SHWR-T.Trend1
330,OBJECT_TRENDLOG_3000750,NAE07/FC-1.AHU 1&2.CV1-%.Trend1
331,OBJECT_TRENDLOG_3000871,NAE07/FC-1.NAE7-T1-FEC44.ZN-T.Trend1
332,OBJECT_TRENDLOG_3000884,NAE07/FC-1.NAE7-T1-FEC43.SCHW Mixing Vavle -%.Trend1
333,OBJECT_TRENDLOG_3000906,NAE07/FC-1.AHU 1&2.OA-T.Trend1
334,OBJECT_TRENDLOG_3000926,NAE07/FC-1.AHU 1&2.CHWR-T.Trend2
335,OBJECT_TRENDLOG_3000927,NAE07/FC-1.NAE7-T1-FEC47.PCHWR-T.Trend2
336,OBJECT_TRENDLOG_3000928,NAE07/FC-1.NAE7-T1-FEC43.SCHW-DP.Trend2
337,OBJECT_TRENDLOG_3000930,NAE07/FC-1.NAE7-T1-FEC43.Trend1
338,OBJECT_TRENDLOG_3000931,NAE07/FC-1.NAE7-T1-FEC43.Trend2
339,OBJECT_TRENDLOG_3000932,NAE07/FC-1.NAE7-T1-FEC43.Trend3
340,OBJECT_TRENDLOG_3000934,NAE07/FC-1.NAE7-T1-FEC43.Trend4
341,OBJECT_TRENDLOG_3000935,NAE07/FC-1.NAE7-T1-FEC43.Trend5
342,OBJECT_TRENDLOG_3000964,NAE07/FC-1.NAE7-T1-FEC43.SCHWR-T.Trend2
343,OBJECT_TRENDLOG_3001093,NAE07/FC-1.AHU 1&2.SF-S.Trend1
344,OBJECT_TRENDLOG_3001094,NAE07/FC-1.AHU 1&2.SF2-S.Trend1
345,OBJECT_TRENDLOG_3001097,NAE07/FC-1.NAE7-T1-FEC43.SYSTEM-EN.Trend1
346,OBJECT_TRENDLOG_3001099,NAE07/FC-1.NAE7-T1-FEC43.Summer Winter Switch.Trend1
347,OBJECT_TRENDLOG_3001100,NAE07/FC-1.NAE7-T1-FEC43.SCHWP16-S.Trend1
348,OBJECT_TRENDLOG_3001101,NAE07/FC-1.NAE7-T1-FEC43.SCHWP15-S.Trend1
349,OBJECT_TRENDLOG_3001102,NAE07/FC-1.NAE7-T1-FEC43.SCHWP14-S.Trend1
350,OBJECT_TRENDLOG_3001160,NAE07/Programming.Winter Mode.WinterMode.Trend1
351,OBJECT_TRENDLOG_3001162,NAE07/FC-1.NAE7-T1-FEC43.SCHWP15-O.Trend1
352,OBJECT_TRENDLOG_3001254,NAE07/FC-1.NAE7-T1-FEC46.ZN19-T.Trend1
353,OBJECT_TRENDLOG_3001259,NAE07/FC-1.NAE7-T1-FEC45.ZN20-T.Trend1
354,OBJECT_TRENDLOG_3001389,NAE07/FC-1.NAE7-T1-FEC52.PHWS-T.Trend1
355,OBJECT_TRENDLOG_3001390,NAE07/FC-1.AHU 1&2.RARH-1.Trend1
356,OBJECT_TRENDLOG_3001391,NAE07/FC-1.AHU 1&2.RARH-2.Trend1
357,OBJECT_TRENDLOG_3001393,NAE07/FC-1.NAE7-T1-FEC47.EF12-S.Trend1
358,OBJECT_TRENDLOG_3001397,NAE07/FC-1.AHU 1&2.HUM-O.Trend1
359,OBJECT_TRENDLOG_3001446,NAE07/FC-1.AHU 1&2.HUM2-O.Trend1
360,OBJECT_TRENDLOG_3001497,NAE07/FC-1.NAE7-T1-FEC47.EA-H.Trend1
361,OBJECT_TRENDLOG_3001555,NAE07/FC-1.AHU 1&2.High Humidity Lock OUt.Trend1
362,OBJECT_TRENDLOG_3001560,NAE07/FC-1.AHU 1&2.HUM-SP.Trend1
363,OBJECT_TRENDLOG_3001594,NAE07/FC-1.NAE7-T1-FEC52.BLRSP-O.Trend1
364,OBJECT_TRENDLOG_3001600,NAE07/FC-1.NAE7-T1-FEC52.SHWP1-S.Trend1
365,OBJECT_TRENDLOG_3001601,NAE07/FC-1.NAE7-T1-FEC52.SHWP2-S.Trend1
366,OBJECT_TRENDLOG_3001602,NAE07/FC-1.NAE7-T1-FEC52.HWV--%.Trend1
367,OBJECT_TRENDLOG_3001635,NAE07/FC-1.AHU 1&2.SF2-O.Trend1
368,OBJECT_TRENDLOG_3001637,NAE07/FC-1.NAE7-T1-FEC47.EF11-S.Trend1
369,OBJECT_TRENDLOG_3001785,NAE07/FC-1.NAE7-T1-FEC52.BLR6-S.Trend1
370,OBJECT_TRENDLOG_3001804,NAE07/FC-1.STEAM.STM-B1-STS.Trend1
371,OBJECT_TRENDLOG_3001805,NAE07/FC-1.STEAM.STM-B2-STS.Trend1
372,OBJECT_TRENDLOG_3001872,NAE07/Programming.AHU 1 2 Humidity.Steam Enable.Trend1
373,OBJECT_TRENDLOG_3001876,NAE07/Programming.Winter Mode.FP.Trend1
374,OBJECT_TRENDLOG_3001881,NAE07/FC-1.NAE7-T1-FEC52.BLR1-S.Trend1
375,OBJECT_TRENDLOG_3001882,NAE07/FC-1.NAE7-T1-FEC52.BLR2-S.Trend1
376,OBJECT_TRENDLOG_3001883,NAE07/FC-1.NAE7-T1-FEC52.BLR4-S.Trend1
377,OBJECT_TRENDLOG_3001884,NAE07/FC-1.NAE7-T1-FEC52.BLR3-S.Trend1
378,OBJECT_TRENDLOG_3001910,NAE07/FC-1.NAE7-T1-FEC46.EF10-S.Trend1
379,OBJECT_TRENDLOG_3001911,NAE07/FC-1.NAE7-T1-FEC46.EF13-S.Trend1
380,OBJECT_TRENDLOG_3001915,NAE07/FC-1.NAE7-T1-FEC45.EF21-S.Trend1
381,OBJECT_TRENDLOG_3001951,NAE07/FC-1.NAE7-T1-FEC50.SF-C.Trend1
382,OBJECT_TRENDLOG_3001962,NAE07/FC-1.NAE7-T1-FEC52.OA-H.Trend1
383,OBJECT_TRENDLOG_3001963,NAE07/FC-1.NAE7-T1-FEC52.OA-H.Trend2
384,OBJECT_TRENDLOG_3001997,NAE07/FC-1.NAE7-T1-FEC43.SCHWDP-SP.Trend1
385,OBJECT_TRENDLOG_3002020,NAE07/FC-1.NAE7-T1-FEC52.Secondary SP.Trend1
386,OBJECT_TRENDLOG_3002026,NAE07/FC-1.NAE7-T1-FEC52.BLR5-S.Trend1
387,OBJECT_TRENDLOG_3002035,NAE07/FC-1.FCU-28.MV-28.Trend1
388,OBJECT_TRENDLOG_3002042,NAE07/FC-1.AHU 1&2.LT-A.Trend1
389,OBJECT_TRENDLOG_3002050,NAE07/FC-1.NAE7-T1-FEC52.Blr High Setpoint.Trend1
390,OBJECT_TRENDLOG_3002051,NAE07/FC-1.NAE7-T1-FEC52.BLR Low Setpoint.Trend1
391,OBJECT_TRENDLOG_3002268,NAE07/FC-1.Trend1
392,OBJECT_TRENDLOG_3002584,NAE07/FC-1.AHU 1&2.SF-LEAD.Trend1
393,OBJECT_TRENDLOG_3002585,NAE07/FC-1.NAE7-T1-FEC52.OAD-C.Trend1
394,OBJECT_TRENDLOG_3002597,NAE07/FC-1.NAE7-T1-FEC52.PHW-DP.Trend1
395,OBJECT_TRENDLOG_3002708,NAE07/FC-1.NAE7-T1-FEC43.SCHWP14-O.Trend1
396,OBJECT_TRENDLOG_3002709,NAE07/FC-1.AHU 1&2.DAT-SP.Trend1
397,OBJECT_TRENDLOG_3002971,NAE07/FC-1.NAE7-T1-FEC43.SCHWP16-O.Trend1
398,OBJECT_TRENDLOG_3002976,NAE07/Event Rate Trend Log
399,OBJECT_TRENDLOG_3003003,NAE07/FC-1.AHU 1&2.DAP-SP.Trend1
400,OBJECT_TRENDLOG_3003011,NAE07/FC-1.NAE7-T1-FEC50.Occupied.Trend1
401,OBJECT_TRENDLOG_3003012,NAE07/FC-1.NAE7-T1-FEC50.CLG-O.Trend1
402,OBJECT_TRENDLOG_3003013,NAE07/FC-1.NAE7-T1-FEC50.ZNT-SP.Trend1
403,OBJECT_TRENDLOG_3003016,NAE07/Programming.SCHWP Fail Disable AHU1 2.Trend1
404,OBJECT_TRENDLOG_3003019,NAE07/FC-1.AHU 1&2.AHU 2 Alarm.Trend1
405,OBJECT_TRENDLOG_3003058,NAE07/Programming.HWS Setpoints Occ-Unocc.HWS Schedule.Trend1
406,OBJECT_TRENDLOG_3003153,NAE07/FC-1.NAE7-T1-FEC52.OAD-ES.Trend1
407,OBJECT_TRENDLOG_3003154,NAE07/FC-1.NAE7-T1-FEC52.SHWDP-SP.Trend1
408,OBJECT_TRENDLOG_3003155,NAE07/FC-1.NAE7-T1-FEC52.PCHWDP-SP.Trend1
409,OBJECT_TRENDLOG_3003160,NAE07/FC-1.AHU 1&2.AHU 1 Alarm.Alarm1.Trend1
410,OBJECT_TRENDLOG_3003161,NAE07/FC-1.NAE7-T1-FEC52.SHWTS-SP.Trend1
411,OBJECT_TRENDLOG_3003162,NAE07/FC-1.NAE7-T1-FEC52.Boiler setpoint.Trend1
412,OBJECT_TRENDLOG_3003164,NAE07/FC-1.NAE7-T1-FEC52.PHW-SP.Trend1
413,OBJECT_TRENDLOG_3003167,NAE07/FC-1.NAE7-T1-FEC52.BP2-S.Trend1
414,OBJECT_TRENDLOG_3003175,NAE07/FC-1.NAE7-T1-FEC52.BP1-S.Trend1
415,OBJECT_TRENDLOG_3003176,NAE07/FC-1.NAE7-T1-FEC52.BP3-S.Trend1
416,OBJECT_TRENDLOG_3003177,NAE07/FC-1.NAE7-T1-FEC52.BP4-S.Trend1
417,OBJECT_TRENDLOG_3003178,NAE07/FC-1.NAE7-T1-FEC52.BP5-S.Trend1
418,OBJECT_TRENDLOG_3003179,NAE07/FC-1.NAE7-T1-FEC52.BP6-S.Trend1
419,OBJECT_TRENDLOG_3003196,NAE07/FC-1.NAE7-T1-FEC52.BP4-S.Totalization1.Trend1
420,OBJECT_TRENDLOG_3003198,NAE07/FC-1.NAE7-T1-FEC52.BLR4-S.Totalization1.Trend1
421,OBJECT_TRENDLOG_3003271,NAE07/Programming.HWS Boilers- Pumps Runtime.BLR5-Runtime.Trend1
422,OBJECT_TRENDLOG_3003272,NAE07/Programming.HWS Boilers- Pumps Runtime.BLR5P5-Runtime.Trend1
423,OBJECT_TRENDLOG_3003273,NAE07/Programming.HWS Boilers- Pumps Runtime.BLR1-Runtime.Trend1
424,OBJECT_TRENDLOG_3003274,NAE07/Programming.HWS Boilers- Pumps Runtime.BLR1P1-Runtime.Trend1
425,OBJECT_TRENDLOG_3003275,NAE07/Programming.HWS Boilers- Pumps Runtime.BLR2-Runtime.Trend1
426,OBJECT_TRENDLOG_3003276,NAE07/Programming.HWS Boilers- Pumps Runtime.BLR2P2 Runtime.Trend1
427,OBJECT_TRENDLOG_3003278,NAE07/Programming.HWS Boilers- Pumps Runtime.BLR3-Runtime.Trend1
428,OBJECT_TRENDLOG_3003279,NAE07/Programming.HWS Boilers- Pumps Runtime.BLR3P3-Runtime.Trend1
429,OBJECT_TRENDLOG_3003280,NAE07/Programming.HWS Boilers- Pumps Runtime.BLR4-Runtime.Trend1
430,OBJECT_TRENDLOG_3003281,NAE07/Programming.HWS Boilers- Pumps Runtime.BLR4P4-Runtime.Trend1
