PROP_OBJECT_IDENTIFIER,PROP_OBJECT_NAME,PROP_DESCRIPTION
OBJECT_DEVICE_509,NAE08,8th floor mechanical room
OBJECT_ANALOG_INPUT_3000054,NAE08/FC-1.NAE08-T1-FEC70.ZN2-T,Zone2 Temperature
OBJECT_ANALOG_INPUT_3000056,NAE08/FC-1.NAE08-T1-FEC70.ZN1-T,Zone 1 Temperature
OBJECT_ANALOG_INPUT_3000071,NAE08/FC-1.NAE8-T1-FEC71.ZN2-T,Zone2 Temperature
OBJECT_ANALOG_INPUT_3000073,NAE08/FC-1.NAE8-T1-FEC71.ZN1-T,Zone 1 Temperature
OBJECT_ANALOG_INPUT_3000088,NAE08/FC-1.NAE8-T1-FEC72.ZN2-T,Zone2 Temperature
OBJECT_ANALOG_INPUT_3000090,NAE08/FC-1.NAE8-T1-FEC72.ZN1-T,Zone 1 Temperature
OBJECT_ANALOG_INPUT_3000105,NAE08/FC-1.NAE8-T1-FEC73.ZN2-T,Zone2 Temperature
OBJECT_ANALOG_INPUT_3000107,NAE08/FC-1.NAE8-T1-FEC73.ZN1-T,Zone 1 Temperature
OBJECT_ANALOG_INPUT_3000122,NAE08/FC-1.NAE8-T1-FEC74.ZN2-T,Zone2 Temperature
OBJECT_ANALOG_INPUT_3000124,NAE08/FC-1.NAE8-T1-FEC74.ZN1-T,Zone 1 Temperature
OBJECT_ANALOG_INPUT_3000139,NAE08/FC-1.NAE8-T1-FEC75.ZN2-T,Zone2 Temperature
OBJECT_ANALOG_INPUT_3000141,NAE08/FC-1.NAE8-T1-FEC75.ZN1-T,Zone 1 Temperature
OBJECT_ANALOG_INPUT_3000156,NAE08/FC-1.NAE8-T1-FEC76.ZN2-T,Zone2 Temperature
OBJECT_ANALOG_INPUT_3000158,NAE08/FC-1.NAE8-T1-FEC76.ZN1-T,Zone 1 Temperature
OBJECT_ANALOG_INPUT_3000173,NAE08/FC-1.NAE8-T1-FEC77.ZN2-T,Zone2 Temperature
OBJECT_ANALOG_INPUT_3000175,NAE08/FC-1.NAE8-T1-FEC77.ZN1-T,Zone 1 Temperature
OBJECT_ANALOG_INPUT_3000190,NAE08/FC-1.NAE8-T1-FEC78.ZN2-T,Zone2 Temperature
OBJECT_ANALOG_INPUT_3000192,NAE08/FC-1.NAE8-T1-FEC78.ZN1-T,Zone 1 Temperature
OBJECT_ANALOG_INPUT_3000207,NAE08/FC-1.NAE8-T1-FEC79.ZN2-T,Zone2 Temperature
OBJECT_ANALOG_INPUT_3000209,NAE08/FC-1.NAE8-T1-FEC79.ZN1-T,Zone 1 Temperature
OBJECT_ANALOG_INPUT_3000224,NAE08/FC-1.NAE8-T1-FEC80.ZN2-T,Zone2 Temperature
OBJECT_ANALOG_INPUT_3000226,NAE08/FC-1.NAE8-T1-FEC80.ZN1-T,Zone 1 Temperature
OBJECT_ANALOG_INPUT_3000236,NAE08/FC-1.NAE8-T1-FEC81.FLOOR-P1,Floor Static Pressure 1
OBJECT_ANALOG_INPUT_3000237,NAE08/FC-1.NAE8-T1-FEC81.FLOOR-P2,Floor Static Pressure 2
OBJECT_ANALOG_INPUT_3000242,NAE08/FC-1.NAE8-T1-FEC81.RA-CO2A,Return Air CO2 Sensor A
OBJECT_ANALOG_INPUT_3000243,NAE08/FC-1.NAE8-T1-FEC81.RA-CO2B,Return Air CO2 Sensor B
OBJECT_ANALOG_INPUT_3000244,NAE08/FC-1.NAE8-T1-FEC81.RA-CO2C,Return Air CO2 Sensor C
OBJECT_ANALOG_INPUT_3000245,NAE08/FC-1.NAE8-T1-FEC81.RA-CO2D,Return Air CO2 Sensor D
OBJECT_ANALOG_INPUT_3000246,NAE08/FC-1.NAE8-T1-FEC81.RA-CO2E,Return Air CO2
OBJECT_ANALOG_INPUT_3000248,NAE08/FC-1.NAE8-T1-FEC81.SA-T,Supply Air Temperature
OBJECT_ANALOG_INPUT_3000249,NAE08/FC-1.NAE8-T1-FEC81.ZN1-T,South West Corner
OBJECT_ANALOG_INPUT_3000250,NAE08/FC-1.NAE8-T1-FEC81.ZN2-T,North East Corner
OBJECT_ANALOG_INPUT_3000251,NAE08/FC-1.NAE8-T1-FEC81.ZN3-T,West Electrical Room
OBJECT_ANALOG_INPUT_3000252,NAE08/FC-1.NAE8-T1-FEC81.ZN4-T,Compartment Unit Temp
OBJECT_ANALOG_INPUT_3000256,NAE08/FC-1.NAE8-T1-FEC81.OA-F,Outdoor Air Flow
OBJECT_ANALOG_INPUT_3000269,NAE08/FC-1.NAE8-T1-FEC58.FLOOR-P1,Floor Static Pressure 1
OBJECT_ANALOG_INPUT_3000270,NAE08/FC-1.NAE8-T1-FEC58.FLOOR-P2,Floor Static Pressure 2
OBJECT_ANALOG_INPUT_3000275,NAE08/FC-1.NAE8-T1-FEC58.RA-CO2A,Return Air CO2 Sensor A
OBJECT_ANALOG_INPUT_3000276,NAE08/FC-1.NAE8-T1-FEC58.RA-CO2B,Return Air CO2 Sensor B
OBJECT_ANALOG_INPUT_3000277,NAE08/FC-1.NAE8-T1-FEC58.RA-CO2C,Return Air CO2 Sensor C
OBJECT_ANALOG_INPUT_3000278,NAE08/FC-1.NAE8-T1-FEC58.RA-CO2D,Return Air CO2 Sensor D
OBJECT_ANALOG_INPUT_3000279,NAE08/FC-1.NAE8-T1-FEC58.RA-CO2E,Return Air CO2
OBJECT_ANALOG_INPUT_3000281,NAE08/FC-1.NAE8-T1-FEC58.SA-T,Supply Air Temperature
OBJECT_ANALOG_INPUT_3000282,NAE08/FC-1.NAE8-T1-FEC58.ZN1-T,South West Corner
OBJECT_ANALOG_INPUT_3000283,NAE08/FC-1.NAE8-T1-FEC58.ZN2-T,North East Corner
OBJECT_ANALOG_INPUT_3000284,NAE08/FC-1.NAE8-T1-FEC58.ZN3-T,West Electrical Room
OBJECT_ANALOG_INPUT_3000285,NAE08/FC-1.NAE8-T1-FEC58.ZN4-T,Compartment Unit Temp
OBJECT_ANALOG_INPUT_3000289,NAE08/FC-1.NAE8-T1-FEC58.OA-F,Outdoor Air Flow
OBJECT_ANALOG_INPUT_3000307,NAE08/FC-1.NAE8-T1-FEC59.ZN2-T,Zone2 Temperature
OBJECT_ANALOG_INPUT_3000309,NAE08/FC-1.NAE8-T1-FEC59.ZN1-T,Zone 1 Temperature
OBJECT_ANALOG_INPUT_3000324,NAE08/FC-1.NAE8-T1-FEC60.ZN2-T,Zone2 Temperature
OBJECT_ANALOG_INPUT_3000326,NAE08/FC-1.NAE8-T1-FEC60.ZN1-T,Zone 1 Temperature
OBJECT_ANALOG_INPUT_3000341,NAE08/FC-1.NAE8-T1-FEC61.ZN2-T,Zone2 Temperature
OBJECT_ANALOG_INPUT_3000343,NAE08/FC-1.NAE8-T1-FEC61.ZN1-T,Zone 1 Temperature
OBJECT_ANALOG_INPUT_3000358,NAE08/FC-1.NAE8-T1-FEC62.ZN2-T,Zone2 Temperature
OBJECT_ANALOG_INPUT_3000360,NAE08/FC-1.NAE8-T1-FEC62.ZN1-T,Zone 1 Temperature
OBJECT_ANALOG_INPUT_3000375,NAE08/FC-1.NAE8-T1-FEC63.ZN2-T,Zone2 Temperature
OBJECT_ANALOG_INPUT_3000377,NAE08/FC-1.NAE8-T1-FEC63.ZN1-T,Zone 1 Temperature
OBJECT_ANALOG_INPUT_3000392,NAE08/FC-1.NAE8-T1-FEC64.ZN2-T,Zone2 Temperature
OBJECT_ANALOG_INPUT_3000394,NAE08/FC-1.NAE8-T1-FEC64.ZN1-T,Zone 1 Temperature
OBJECT_ANALOG_INPUT_3000409,NAE08/FC-1.NAE8-T1-FEC65.ZN2-T,Zone2 Temperature
OBJECT_ANALOG_INPUT_3000411,NAE08/FC-1.NAE8-T1-FEC65.ZN1-T,Zone 1 Temperature
OBJECT_ANALOG_INPUT_3000426,NAE08/FC-1.NAE8-T1-FEC66.ZN2-T,Zone2 Temperature
OBJECT_ANALOG_INPUT_3000443,NAE08/FC-1.NAE8-T1-FEC67.ZN2-T,Zone2 Temperature
OBJECT_ANALOG_INPUT_3000445,NAE08/FC-1.NAE8-T1-FEC67.ZN1-T,Zone 1 Temperature
OBJECT_ANALOG_INPUT_3000460,NAE08/FC-1.NAE8-T1-FEC68.ZN2-T,Zone2 Temperature
OBJECT_ANALOG_INPUT_3000462,NAE08/FC-1.NAE8-T1-FEC68.ZN1-T,Zone 1 Temperature
OBJECT_ANALOG_INPUT_3000477,NAE08/FC-1.NAE8-T1-FEC69.ZN2-T,Zone2 Temperature
OBJECT_ANALOG_INPUT_3000479,NAE08/FC-1.NAE8-T1-FEC69.ZN1-T,Zone 1 Temperature
OBJECT_ANALOG_INPUT_3000489,NAE08/FC-1.NAE8-T1-FEC45.FLOOR-P1,Floor Static Pressure 1
OBJECT_ANALOG_INPUT_3000490,NAE08/FC-1.NAE8-T1-FEC45.FLOOR-P2,Floor Static Pressure 2
OBJECT_ANALOG_INPUT_3000496,NAE08/FC-1.NAE8-T1-FEC45.RA-CO2B,Return Air CO2 Sensor B
OBJECT_ANALOG_INPUT_3000497,NAE08/FC-1.NAE8-T1-FEC45.RA-CO2C,Return Air CO2 Sensor C
OBJECT_ANALOG_INPUT_3000498,NAE08/FC-1.NAE8-T1-FEC45.RA-CO2D,Return Air CO2 Sensor D
OBJECT_ANALOG_INPUT_3000499,NAE08/FC-1.NAE8-T1-FEC45.RA-CO2E,Return Air CO2
OBJECT_ANALOG_INPUT_3000501,NAE08/FC-1.NAE8-T1-FEC45.SA-T,Supply Air Temperature
OBJECT_ANALOG_INPUT_3000502,NAE08/FC-1.NAE8-T1-FEC45.ZN1-T,South West Corner
OBJECT_ANALOG_INPUT_3000503,NAE08/FC-1.NAE8-T1-FEC45.ZN2-T,North East Corner
OBJECT_ANALOG_INPUT_3000504,NAE08/FC-1.NAE8-T1-FEC45.ZN3-T,West Electrical Room
OBJECT_ANALOG_INPUT_3000505,NAE08/FC-1.NAE8-T1-FEC45.ZN4-T,Compartment Unit Temp
OBJECT_ANALOG_INPUT_3000509,NAE08/FC-1.NAE8-T1-FEC45.OA-F,Outdoor Air Flow
OBJECT_ANALOG_INPUT_3000527,NAE08/FC-1.NAE8-T1-FEC46.ZN2-T,Zone2 Temperature
OBJECT_ANALOG_INPUT_3000529,NAE08/FC-1.NAE8-T1-FEC46.ZN1-T,Zone 1 Temperature
OBJECT_ANALOG_INPUT_3000544,NAE08/FC-1.NAE8-T1-FEC47.ZN2-T,Zone2 Temperature
OBJECT_ANALOG_INPUT_3000546,NAE08/FC-1.NAE8-T1-FEC47.ZN1-T,Zone 1 Temperature
OBJECT_ANALOG_INPUT_3000561,NAE08/FC-1.NAE8-T1-FEC48.ZN2-T,Zone2 Temperature
OBJECT_ANALOG_INPUT_3000563,NAE08/FC-1.NAE8-T1-FEC48.ZN1-T,Zone 1 Temperature
OBJECT_ANALOG_INPUT_3000578,NAE08/FC-1.NAE8-T1-FEC49.ZN2-T,Zone2 Temperature
OBJECT_ANALOG_INPUT_3000580,NAE08/FC-1.NAE8-T1-FEC49.ZN1-T,Zone 1 Temperature
OBJECT_ANALOG_INPUT_3000595,NAE08/FC-1.NAE8-T1-FEC50.ZN2-T,Zone2 Temperature
OBJECT_ANALOG_INPUT_3000597,NAE08/FC-1.NAE8-T1-FEC50.ZN1-T,Zone 1 Temperature
OBJECT_ANALOG_INPUT_3000612,NAE08/FC-1.NAE8-T1-FEC51.ZN2-T,Zone2 Temperature
OBJECT_ANALOG_INPUT_3000614,NAE08/FC-1.NAE8-T1-FEC51.ZN1-T,Zone 1 Temperature
OBJECT_ANALOG_INPUT_3000629,NAE08/FC-1.NAE8-T1-FEC52.ZN2-T,Zone2 Temperature
OBJECT_ANALOG_INPUT_3000631,NAE08/FC-1.NAE8-T1-FEC52.ZN1-T,Zone 1 Temperature
OBJECT_ANALOG_INPUT_3000646,NAE08/FC-1.NAE8-T1-FEC53.ZN2-T,Zone2 Temperature
OBJECT_ANALOG_INPUT_3000648,NAE08/FC-1.NAE8-T1-FEC53.ZN1-T,Zone 1 Temperature
OBJECT_ANALOG_INPUT_3000663,NAE08/FC-1.NAE8-T1-FEC54.ZN2-T,Zone2 Temperature
OBJECT_ANALOG_INPUT_3000665,NAE08/FC-1.NAE8-T1-FEC54.ZN1-T,Zone 1 Temperature
OBJECT_ANALOG_INPUT_3000680,NAE08/FC-1.NAE8-T1-FEC55.ZN2-T,Zone2 Temperature
OBJECT_ANALOG_INPUT_3000682,NAE08/FC-1.NAE8-T1-FEC55.ZN1-T,Zone 1 Temperature
OBJECT_ANALOG_INPUT_3000697,NAE08/FC-1.NAE8-T1-FEC56.ZN2-T,Zone2 Temperature
OBJECT_ANALOG_INPUT_3000699,NAE08/FC-1.NAE8-T1-FEC56.ZN1-T,Zone 1 Temperature
OBJECT_ANALOG_INPUT_3000710,NAE08/FC-1.NAE8-T1-VMA44.DA-VP,Discharge Air Velocity Pressure
OBJECT_ANALOG_INPUT_3000717,NAE08/FC-1.NAE8-T1-VMA57.DA-VP,Discharge Air Velocity Pressure
OBJECT_ANALOG_INPUT_3000724,NAE08/FC-1.NAE8-T1-VMA73.DA-VP,Discharge Air Velocity Pressure
OBJECT_ANALOG_INPUT_3001023,NAE08/FC-1.9-UP-86.ZN1-T,Zone 1 Temperature
OBJECT_ANALOG_INPUT_3001025,NAE08/FC-1.9-UP-86.ZN2-T,Zone2 Temperature
OBJECT_ANALOG_INPUT_3001027,NAE08/FC-1.9-UP-86.ZN3-T,Zone3 Temperature
OBJECT_ANALOG_INPUT_3001045,NAE08/FC-1.9-UP-85.ZN1-T,Zone 1 Temperature
OBJECT_ANALOG_INPUT_3001047,NAE08/FC-1.9-UP-85.ZN2-T,Zone2 Temperature
OBJECT_ANALOG_INPUT_3001061,NAE08/FC-1.9-UP-84.ZN1-T,Zone 1 Temperature
OBJECT_ANALOG_INPUT_3001073,NAE08/FC-1.9-UP-83.ZN1-T,Zone 1 Temperature
OBJECT_ANALOG_INPUT_3001111,NAE08/FC-1.9-UP-87.DA-VP,Discharge Air Velocity Pressure
OBJECT_ANALOG_INPUT_3001140,NAE08/FC-1.NAE8-T1-VMA73.ZN-T,Zone Temperature
OBJECT_ANALOG_INPUT_3001149,NAE08/FC-1.NAE8-T1-VMA44.ZN-T,Zone Temperature
OBJECT_ANALOG_INPUT_3001150,NAE08/FC-1.NAE8-T1-VMA57.ZN-T,Zone Temperature
OBJECT_ANALOG_INPUT_3001664,NAE08/FC-1.7-UP-90.ZN1-T,Zone 1 Temperature
OBJECT_ANALOG_INPUT_3001666,NAE08/FC-1.7-UP-90.ZN2-T,Zone 2 Temperature
OBJECT_ANALOG_INPUT_3001668,NAE08/FC-1.7-UP-90.ZN3-T,Zone 3 Temperature
OBJECT_ANALOG_INPUT_3001709,NAE08/FC-1.7-UP-91.ZN1-T,Zone 1 Temperature
OBJECT_ANALOG_INPUT_3001750,NAE08/FC-1.7-UP-92.ZN1-T,Zone 1 Temperature
OBJECT_ANALOG_INPUT_3001752,NAE08/FC-1.7-UP-92.ZN2-T,Zone 2 Temperature
OBJECT_ANALOG_INPUT_3001754,NAE08/FC-1.7-UP-92.ZN3-T,Zone 3 Temperature
OBJECT_ANALOG_INPUT_3002154,NAE08/FC-1.NAE8-T1-FEC66.ZN1-T,Zone 1 Temperature
OBJECT_ANALOG_INPUT_3002175,NAE08/FC-1.8-UP-100.ZN3-T,Zone 3 Temperature
OBJECT_ANALOG_INPUT_3002176,NAE08/FC-1.8-UP-100.ZN2-T,Zone 2 Temperature
OBJECT_ANALOG_INPUT_3002465,NAE08/FC-1.9-UP-88.DA-VP,Discharge Air Velocity Pressure
OBJECT_ANALOG_INPUT_3002526,NAE08/FC-1.8-UP-101.ZN1-T,Zone 1 Temperature
OBJECT_ANALOG_INPUT_3002560,NAE08/FC-1.7-UP-91.ZNA-CO2,Zone A CO2
OBJECT_ANALOG_INPUT_3002586,NAE08/FC-1.NAE8-T1-FEC64.ZN3-T,Zone 3 Temperature
OBJECT_ANALOG_INPUT_3002617,NAE08/FC-1.7-UP-93.ZN1-T,Zone 1 Temperature
OBJECT_ANALOG_INPUT_3003417,NAE08/FC-1.9-UP-89.DA-VP,Discharge Air Velocity Pressure
OBJECT_ANALOG_INPUT_3003418,NAE08/FC-1.9-UP-89.ZN-T,Zone Temperature
OBJECT_ANALOG_INPUT_3003804,NAE08/FC-1.8-UP-102.ZN1-T,Zone 1 Temperature
OBJECT_ANALOG_OUTPUT_3000049,NAE08/FC-1.NAE08-T1-FEC70.SUPHTG2-%,Heating Output
OBJECT_ANALOG_OUTPUT_3000050,NAE08/FC-1.NAE08-T1-FEC70.ZN2-DAD-%,Damper Effective Command
OBJECT_ANALOG_OUTPUT_3000051,NAE08/FC-1.NAE08-T1-FEC70.SUPHTG1-%,Heating Output
OBJECT_ANALOG_OUTPUT_3000053,NAE08/FC-1.NAE08-T1-FEC70.DAD1-O,Discharge Air Damper Output
OBJECT_ANALOG_OUTPUT_3000066,NAE08/FC-1.NAE8-T1-FEC71.SUPHTG2-%,Heating Output
OBJECT_ANALOG_OUTPUT_3000067,NAE08/FC-1.NAE8-T1-FEC71.ZN2-DAD-%,Damper Effective Command
OBJECT_ANALOG_OUTPUT_3000068,NAE08/FC-1.NAE8-T1-FEC71.SUPHTG1-%,Heating Output
OBJECT_ANALOG_OUTPUT_3000070,NAE08/FC-1.NAE8-T1-FEC71.DAD1-O,Discharge Air Damper Output
OBJECT_ANALOG_OUTPUT_3000083,NAE08/FC-1.NAE8-T1-FEC72.SUPHTG2-%,Heating Output
OBJECT_ANALOG_OUTPUT_3000084,NAE08/FC-1.NAE8-T1-FEC72.ZN2-DAD-%,Damper Effective Command
OBJECT_ANALOG_OUTPUT_3000085,NAE08/FC-1.NAE8-T1-FEC72.SUPHTG1-%,Heating Output
OBJECT_ANALOG_OUTPUT_3000087,NAE08/FC-1.NAE8-T1-FEC72.DAD1-O,Discharge Air Damper Output
OBJECT_ANALOG_OUTPUT_3000100,NAE08/FC-1.NAE8-T1-FEC73.SUPHTG2-%,Heating Output
OBJECT_ANALOG_OUTPUT_3000101,NAE08/FC-1.NAE8-T1-FEC73.ZN2-DAD-%,Damper Effective Command
OBJECT_ANALOG_OUTPUT_3000102,NAE08/FC-1.NAE8-T1-FEC73.SUPHTG1-%,Heating Output
OBJECT_ANALOG_OUTPUT_3000104,NAE08/FC-1.NAE8-T1-FEC73.DAD1-O,Discharge Air Damper Output
OBJECT_ANALOG_OUTPUT_3000117,NAE08/FC-1.NAE8-T1-FEC74.SUPHTG2-%,Heating Output
OBJECT_ANALOG_OUTPUT_3000118,NAE08/FC-1.NAE8-T1-FEC74.ZN2-DAD-%,Damper Effective Command
OBJECT_ANALOG_OUTPUT_3000119,NAE08/FC-1.NAE8-T1-FEC74.SUPHTG1-%,Heating Output
OBJECT_ANALOG_OUTPUT_3000121,NAE08/FC-1.NAE8-T1-FEC74.DAD1-O,Discharge Air Damper Output
OBJECT_ANALOG_OUTPUT_3000134,NAE08/FC-1.NAE8-T1-FEC75.SUPHTG2-%,Heating Output
OBJECT_ANALOG_OUTPUT_3000135,NAE08/FC-1.NAE8-T1-FEC75.ZN2-DAD-%,Damper Effective Command
OBJECT_ANALOG_OUTPUT_3000136,NAE08/FC-1.NAE8-T1-FEC75.SUPHTG1-%,Heating Output
OBJECT_ANALOG_OUTPUT_3000138,NAE08/FC-1.NAE8-T1-FEC75.DAD1-O,Discharge Air Damper Output
OBJECT_ANALOG_OUTPUT_3000151,NAE08/FC-1.NAE8-T1-FEC76.SUPHTG2-%,Heating Output
OBJECT_ANALOG_OUTPUT_3000152,NAE08/FC-1.NAE8-T1-FEC76.ZN2-DAD-%,Damper Effective Command
OBJECT_ANALOG_OUTPUT_3000153,NAE08/FC-1.NAE8-T1-FEC76.SUPHTG1-%,Heating Output
OBJECT_ANALOG_OUTPUT_3000155,NAE08/FC-1.NAE8-T1-FEC76.DAD1-O,Discharge Air Damper Output
OBJECT_ANALOG_OUTPUT_3000168,NAE08/FC-1.NAE8-T1-FEC77.SUPHTG2-%,Heating Output
OBJECT_ANALOG_OUTPUT_3000169,NAE08/FC-1.NAE8-T1-FEC77.ZN2-DAD-%,Damper Effective Command
OBJECT_ANALOG_OUTPUT_3000170,NAE08/FC-1.NAE8-T1-FEC77.SUPHTG1-%,Heating Output
OBJECT_ANALOG_OUTPUT_3000172,NAE08/FC-1.NAE8-T1-FEC77.DAD1-O,Discharge Air Damper Output
OBJECT_ANALOG_OUTPUT_3000185,NAE08/FC-1.NAE8-T1-FEC78.SUPHTG2-%,Heating Output
OBJECT_ANALOG_OUTPUT_3000186,NAE08/FC-1.NAE8-T1-FEC78.ZN2-DAD-%,Damper Effective Command
OBJECT_ANALOG_OUTPUT_3000187,NAE08/FC-1.NAE8-T1-FEC78.SUPHTG1-%,Heating Output
OBJECT_ANALOG_OUTPUT_3000189,NAE08/FC-1.NAE8-T1-FEC78.DAD1-O,Discharge Air Damper Output
OBJECT_ANALOG_OUTPUT_3000202,NAE08/FC-1.NAE8-T1-FEC79.SUPHTG2-%,Heating Output
OBJECT_ANALOG_OUTPUT_3000203,NAE08/FC-1.NAE8-T1-FEC79.ZN2-DAD-%,Damper Effective Command
OBJECT_ANALOG_OUTPUT_3000204,NAE08/FC-1.NAE8-T1-FEC79.SUPHTG1-%,Heating Output
OBJECT_ANALOG_OUTPUT_3000206,NAE08/FC-1.NAE8-T1-FEC79.DAD1-O,Discharge Air Damper Output
OBJECT_ANALOG_OUTPUT_3000219,NAE08/FC-1.NAE8-T1-FEC80.SUPHTG2-%,Heating Output
OBJECT_ANALOG_OUTPUT_3000220,NAE08/FC-1.NAE8-T1-FEC80.ZN2-DAD-%,Damper Effective Command
OBJECT_ANALOG_OUTPUT_3000221,NAE08/FC-1.NAE8-T1-FEC80.SUPHTG1-%,Heating Output
OBJECT_ANALOG_OUTPUT_3000223,NAE08/FC-1.NAE8-T1-FEC80.DAD1-O,Discharge Air Damper Output
OBJECT_ANALOG_OUTPUT_3000241,NAE08/FC-1.NAE8-T1-FEC81.SF-O,Supply Fan Output
OBJECT_ANALOG_OUTPUT_3000247,NAE08/FC-1.NAE8-T1-FEC81.OAD-%,Outdoor Air Damper Effective Command
OBJECT_ANALOG_OUTPUT_3000257,NAE08/FC-1.NAE8-T1-FEC81.CLG-O,Cooling Output
OBJECT_ANALOG_OUTPUT_3000274,NAE08/FC-1.NAE8-T1-FEC58.SF-O,Supply Fan Output
OBJECT_ANALOG_OUTPUT_3000280,NAE08/FC-1.NAE8-T1-FEC58.OAD-%,Outdoor Air Damper Effective Command
OBJECT_ANALOG_OUTPUT_3000290,NAE08/FC-1.NAE8-T1-FEC58.CLG-O,Cooling Output
OBJECT_ANALOG_OUTPUT_3000302,NAE08/FC-1.NAE8-T1-FEC59.SUPHTG2-%,Heating Output
OBJECT_ANALOG_OUTPUT_3000303,NAE08/FC-1.NAE8-T1-FEC59.ZN2-DAD-%,Damper Effective Command
OBJECT_ANALOG_OUTPUT_3000304,NAE08/FC-1.NAE8-T1-FEC59.SUPHTG1-%,Heating Output
OBJECT_ANALOG_OUTPUT_3000306,NAE08/FC-1.NAE8-T1-FEC59.DAD1-O,Discharge Air Damper Output
OBJECT_ANALOG_OUTPUT_3000319,NAE08/FC-1.NAE8-T1-FEC60.SUPHTG2-%,Heating Output
OBJECT_ANALOG_OUTPUT_3000320,NAE08/FC-1.NAE8-T1-FEC60.ZN2-DAD-%,Damper Effective Command
OBJECT_ANALOG_OUTPUT_3000321,NAE08/FC-1.NAE8-T1-FEC60.SUPHTG1-%,Heating Output
OBJECT_ANALOG_OUTPUT_3000323,NAE08/FC-1.NAE8-T1-FEC60.DAD1-O,Discharge Air Damper Output
OBJECT_ANALOG_OUTPUT_3000336,NAE08/FC-1.NAE8-T1-FEC61.SUPHTG2-%,Heating Output
OBJECT_ANALOG_OUTPUT_3000337,NAE08/FC-1.NAE8-T1-FEC61.ZN2-DAD-%,Damper Effective Command
OBJECT_ANALOG_OUTPUT_3000338,NAE08/FC-1.NAE8-T1-FEC61.SUPHTG1-%,Heating Output
OBJECT_ANALOG_OUTPUT_3000340,NAE08/FC-1.NAE8-T1-FEC61.DAD1-O,Discharge Air Damper Output
OBJECT_ANALOG_OUTPUT_3000353,NAE08/FC-1.NAE8-T1-FEC62.SUPHTG2-%,Heating Output
OBJECT_ANALOG_OUTPUT_3000354,NAE08/FC-1.NAE8-T1-FEC62.ZN2-DAD-%,Damper Effective Command
OBJECT_ANALOG_OUTPUT_3000355,NAE08/FC-1.NAE8-T1-FEC62.SUPHTG1-%,Heating Output
OBJECT_ANALOG_OUTPUT_3000357,NAE08/FC-1.NAE8-T1-FEC62.DAD1-O,Discharge Air Damper Output
OBJECT_ANALOG_OUTPUT_3000370,NAE08/FC-1.NAE8-T1-FEC63.SUPHTG2-%,Heating Output
OBJECT_ANALOG_OUTPUT_3000371,NAE08/FC-1.NAE8-T1-FEC63.ZN2-DAD-%,Damper Effective Command
OBJECT_ANALOG_OUTPUT_3000372,NAE08/FC-1.NAE8-T1-FEC63.SUPHTG1-%,Heating Output
OBJECT_ANALOG_OUTPUT_3000374,NAE08/FC-1.NAE8-T1-FEC63.DAD1-O,Discharge Air Damper Output
OBJECT_ANALOG_OUTPUT_3000387,NAE08/FC-1.NAE8-T1-FEC64.SUPHTG2-%,Heating Output
OBJECT_ANALOG_OUTPUT_3000388,NAE08/FC-1.NAE8-T1-FEC64.ZN2-DAD-%,Damper Effective Command
OBJECT_ANALOG_OUTPUT_3000389,NAE08/FC-1.NAE8-T1-FEC64.SUPHTG1-%,Heating Output
OBJECT_ANALOG_OUTPUT_3000391,NAE08/FC-1.NAE8-T1-FEC64.DAD1-O,Discharge Air Damper Output
OBJECT_ANALOG_OUTPUT_3000404,NAE08/FC-1.NAE8-T1-FEC65.SUPHTG2-%,Heating Output
OBJECT_ANALOG_OUTPUT_3000405,NAE08/FC-1.NAE8-T1-FEC65.ZN2-DAD-%,Damper Effective Command
OBJECT_ANALOG_OUTPUT_3000406,NAE08/FC-1.NAE8-T1-FEC65.SUPHTG1-%,Heating Output
OBJECT_ANALOG_OUTPUT_3000408,NAE08/FC-1.NAE8-T1-FEC65.DAD1-O,Discharge Air Damper Output
OBJECT_ANALOG_OUTPUT_3000421,NAE08/FC-1.NAE8-T1-FEC66.SUPHTG2-%,Heating Output
OBJECT_ANALOG_OUTPUT_3000422,NAE08/FC-1.NAE8-T1-FEC66.ZN2-DAD-%,Damper Effective Command
OBJECT_ANALOG_OUTPUT_3000423,NAE08/FC-1.NAE8-T1-FEC66.SUPHTG1-%,Heating Output
OBJECT_ANALOG_OUTPUT_3000425,NAE08/FC-1.NAE8-T1-FEC66.DAD1-O,Discharge Air Damper Output
OBJECT_ANALOG_OUTPUT_3000438,NAE08/FC-1.NAE8-T1-FEC67.SUPHTG2-%,Heating Output
OBJECT_ANALOG_OUTPUT_3000439,NAE08/FC-1.NAE8-T1-FEC67.ZN2-DAD-%,Damper Effective Command
OBJECT_ANALOG_OUTPUT_3000440,NAE08/FC-1.NAE8-T1-FEC67.SUPHTG1-%,Heating Output
OBJECT_ANALOG_OUTPUT_3000442,NAE08/FC-1.NAE8-T1-FEC67.DAD1-O,Discharge Air Damper Output
OBJECT_ANALOG_OUTPUT_3000455,NAE08/FC-1.NAE8-T1-FEC68.SUPHTG2-%,Heating Output
OBJECT_ANALOG_OUTPUT_3000456,NAE08/FC-1.NAE8-T1-FEC68.ZN2-DAD-%,Damper Effective Command
OBJECT_ANALOG_OUTPUT_3000457,NAE08/FC-1.NAE8-T1-FEC68.SUPHTG1-%,Heating Output
OBJECT_ANALOG_OUTPUT_3000459,NAE08/FC-1.NAE8-T1-FEC68.DAD1-O,Discharge Air Damper Output
OBJECT_ANALOG_OUTPUT_3000472,NAE08/FC-1.NAE8-T1-FEC69.SUPHTG2-%,Heating Output
OBJECT_ANALOG_OUTPUT_3000473,NAE08/FC-1.NAE8-T1-FEC69.ZN2-DAD-%,Damper Effective Command
OBJECT_ANALOG_OUTPUT_3000474,NAE08/FC-1.NAE8-T1-FEC69.SUPHTG1-%,Heating Output
OBJECT_ANALOG_OUTPUT_3000476,NAE08/FC-1.NAE8-T1-FEC69.DAD1-O,Discharge Air Damper Output
OBJECT_ANALOG_OUTPUT_3000494,NAE08/FC-1.NAE8-T1-FEC45.SF-O,Supply Fan Output
OBJECT_ANALOG_OUTPUT_3000500,NAE08/FC-1.NAE8-T1-FEC45.OAD-%,Outdoor Air Damper Effective Command
OBJECT_ANALOG_OUTPUT_3000510,NAE08/FC-1.NAE8-T1-FEC45.CLG-O,Cooling Output
OBJECT_ANALOG_OUTPUT_3000522,NAE08/FC-1.NAE8-T1-FEC46.SUPHTG2-%,Heating Output
OBJECT_ANALOG_OUTPUT_3000523,NAE08/FC-1.NAE8-T1-FEC46.ZN2-DAD-%,Damper Effective Command
OBJECT_ANALOG_OUTPUT_3000524,NAE08/FC-1.NAE8-T1-FEC46.SUPHTG1-%,Heating Output
OBJECT_ANALOG_OUTPUT_3000526,NAE08/FC-1.NAE8-T1-FEC46.DAD1-O,Discharge Air Damper Output
OBJECT_ANALOG_OUTPUT_3000539,NAE08/FC-1.NAE8-T1-FEC47.SUPHTG2-%,Heating Output
OBJECT_ANALOG_OUTPUT_3000540,NAE08/FC-1.NAE8-T1-FEC47.ZN2-DAD-%,Damper Effective Command
OBJECT_ANALOG_OUTPUT_3000541,NAE08/FC-1.NAE8-T1-FEC47.SUPHTG1-%,Heating Output
OBJECT_ANALOG_OUTPUT_3000543,NAE08/FC-1.NAE8-T1-FEC47.DAD1-O,Discharge Air Damper Output
OBJECT_ANALOG_OUTPUT_3000556,NAE08/FC-1.NAE8-T1-FEC48.SUPHTG2-%,Heating Output
OBJECT_ANALOG_OUTPUT_3000557,NAE08/FC-1.NAE8-T1-FEC48.ZN2-DAD-%,Damper Effective Command
OBJECT_ANALOG_OUTPUT_3000558,NAE08/FC-1.NAE8-T1-FEC48.SUPHTG1-%,Heating Output
OBJECT_ANALOG_OUTPUT_3000560,NAE08/FC-1.NAE8-T1-FEC48.DAD1-O,Discharge Air Damper Output
OBJECT_ANALOG_OUTPUT_3000573,NAE08/FC-1.NAE8-T1-FEC49.SUPHTG2-%,Heating Output
OBJECT_ANALOG_OUTPUT_3000574,NAE08/FC-1.NAE8-T1-FEC49.ZN2-DAD-%,Damper Effective Command
OBJECT_ANALOG_OUTPUT_3000575,NAE08/FC-1.NAE8-T1-FEC49.SUPHTG1-%,Heating Output
OBJECT_ANALOG_OUTPUT_3000577,NAE08/FC-1.NAE8-T1-FEC49.DAD1-O,Discharge Air Damper Output
OBJECT_ANALOG_OUTPUT_3000590,NAE08/FC-1.NAE8-T1-FEC50.SUPHTG2-%,Heating Output
OBJECT_ANALOG_OUTPUT_3000591,NAE08/FC-1.NAE8-T1-FEC50.ZN2-DAD-%,Damper Effective Command
OBJECT_ANALOG_OUTPUT_3000592,NAE08/FC-1.NAE8-T1-FEC50.SUPHTG1-%,Heating Output
OBJECT_ANALOG_OUTPUT_3000594,NAE08/FC-1.NAE8-T1-FEC50.DAD1-O,Discharge Air Damper Output
OBJECT_ANALOG_OUTPUT_3000607,NAE08/FC-1.NAE8-T1-FEC51.SUPHTG2-%,Heating Output
OBJECT_ANALOG_OUTPUT_3000608,NAE08/FC-1.NAE8-T1-FEC51.ZN2-DAD-%,Damper Effective Command
OBJECT_ANALOG_OUTPUT_3000609,NAE08/FC-1.NAE8-T1-FEC51.SUPHTG1-%,Heating Output
OBJECT_ANALOG_OUTPUT_3000611,NAE08/FC-1.NAE8-T1-FEC51.DAD1-O,Discharge Air Damper Output
OBJECT_ANALOG_OUTPUT_3000624,NAE08/FC-1.NAE8-T1-FEC52.SUPHTG2-%,Heating Output
OBJECT_ANALOG_OUTPUT_3000625,NAE08/FC-1.NAE8-T1-FEC52.ZN2-DAD-%,Damper Effective Command
OBJECT_ANALOG_OUTPUT_3000626,NAE08/FC-1.NAE8-T1-FEC52.SUPHTG1-%,Heating Output
OBJECT_ANALOG_OUTPUT_3000628,NAE08/FC-1.NAE8-T1-FEC52.DAD1-O,Discharge Air Damper Output
OBJECT_ANALOG_OUTPUT_3000641,NAE08/FC-1.NAE8-T1-FEC53.SUPHTG2-%,Heating Output
OBJECT_ANALOG_OUTPUT_3000642,NAE08/FC-1.NAE8-T1-FEC53.ZN2-DAD-%,Damper Effective Command
OBJECT_ANALOG_OUTPUT_3000643,NAE08/FC-1.NAE8-T1-FEC53.SUPHTG1-%,Heating Output
OBJECT_ANALOG_OUTPUT_3000645,NAE08/FC-1.NAE8-T1-FEC53.DAD1-O,Discharge Air Damper Output
OBJECT_ANALOG_OUTPUT_3000658,NAE08/FC-1.NAE8-T1-FEC54.SUPHTG2-%,Heating Output
OBJECT_ANALOG_OUTPUT_3000659,NAE08/FC-1.NAE8-T1-FEC54.ZN2-DAD-%,Damper Effective Command
OBJECT_ANALOG_OUTPUT_3000660,NAE08/FC-1.NAE8-T1-FEC54.SUPHTG1-%,Heating Output
OBJECT_ANALOG_OUTPUT_3000662,NAE08/FC-1.NAE8-T1-FEC54.DAD1-O,Discharge Air Damper Output
OBJECT_ANALOG_OUTPUT_3000675,NAE08/FC-1.NAE8-T1-FEC55.SUPHTG2-%,Heating Output
OBJECT_ANALOG_OUTPUT_3000676,NAE08/FC-1.NAE8-T1-FEC55.ZN2-DAD-%,Damper Effective Command
OBJECT_ANALOG_OUTPUT_3000677,NAE08/FC-1.NAE8-T1-FEC55.SUPHTG1-%,Heating Output
OBJECT_ANALOG_OUTPUT_3000679,NAE08/FC-1.NAE8-T1-FEC55.DAD1-O,Discharge Air Damper Output
OBJECT_ANALOG_OUTPUT_3000692,NAE08/FC-1.NAE8-T1-FEC56.SUPHTG2-%,Heating Output
OBJECT_ANALOG_OUTPUT_3000693,NAE08/FC-1.NAE8-T1-FEC56.ZN2-DAD-%,Damper Effective Command
OBJECT_ANALOG_OUTPUT_3000694,NAE08/FC-1.NAE8-T1-FEC56.SUPHTG1-%,Heating Output
OBJECT_ANALOG_OUTPUT_3000696,NAE08/FC-1.NAE8-T1-FEC56.DAD1-O,Discharge Air Damper Output
OBJECT_ANALOG_OUTPUT_3000711,NAE08/FC-1.NAE8-T1-VMA44.DPR-O,Supply Air Damper Output
OBJECT_ANALOG_OUTPUT_3000718,NAE08/FC-1.NAE8-T1-VMA57.DPR-O,Supply Air Damper Output
OBJECT_ANALOG_OUTPUT_3000725,NAE08/FC-1.NAE8-T1-VMA73.DPR-O,Supply Air Damper Output
OBJECT_ANALOG_OUTPUT_3001035,NAE08/FC-1.9-UP-86.DAD1-O,Discharge Air Damper Output
OBJECT_ANALOG_OUTPUT_3001043,NAE08/FC-1.9-UP-86.ZN2-DAD-%,Damper Effective Command
OBJECT_ANALOG_OUTPUT_3001054,NAE08/FC-1.9-UP-85.DAD1-O,Discharge Air Damper Output
OBJECT_ANALOG_OUTPUT_3001055,NAE08/FC-1.9-UP-85.SUPHTG1-%,Heating Output
OBJECT_ANALOG_OUTPUT_3001060,NAE08/FC-1.9-UP-85.ZN2-DAD-%,Damper Effective Command
OBJECT_ANALOG_OUTPUT_3001068,NAE08/FC-1.9-UP-84.DAD1-O,Discharge Air Damper Output
OBJECT_ANALOG_OUTPUT_3001080,NAE08/FC-1.9-UP-83.DAD1-O,Discharge Air Damper Output
OBJECT_ANALOG_OUTPUT_3001108,NAE08/FC-1.9-UP-87.DPR-O,Supply Air Damper Output
OBJECT_ANALOG_OUTPUT_3001110,NAE08/FC-1.9-UP-87.SF-O,Supply Fan Output
OBJECT_ANALOG_OUTPUT_3001691,NAE08/FC-1.7-UP-90.DAD1-O,Zone 1 Damper Output
OBJECT_ANALOG_OUTPUT_3001701,NAE08/FC-1.7-UP-90.ZN2-DAD-%,Zone 2 Damper Output
OBJECT_ANALOG_OUTPUT_3001733,NAE08/FC-1.7-UP-91.DAD1-O,Zone 1 Damper Output
OBJECT_ANALOG_OUTPUT_3001777,NAE08/FC-1.7-UP-92.DAD1-O,Zone 1 Damper Output
OBJECT_ANALOG_OUTPUT_3001787,NAE08/FC-1.7-UP-92.ZN2-DAD-%,Zone 2 Damper Output
OBJECT_ANALOG_OUTPUT_3001788,NAE08/FC-1.7-UP-92.DAD3-O,Zone 3 Damper Output
OBJECT_ANALOG_OUTPUT_3001806,NAE08/FC-1.7-UP-90.DAD3-O,Zone 3 Damper Output
OBJECT_ANALOG_OUTPUT_3001930,NAE08/FC-1.9-UP-88.DPR-O,Supply Air Damper Output
OBJECT_ANALOG_OUTPUT_3001932,NAE08/FC-1.9-UP-88.SF-O,Supply Fan Output
OBJECT_ANALOG_OUTPUT_3001950,NAE08/FC-1.9-UP-89.DPR-O,Supply Air Damper Output
OBJECT_ANALOG_OUTPUT_3001952,NAE08/FC-1.9-UP-89.SF-O,Supply Fan Output
OBJECT_ANALOG_OUTPUT_3002200,NAE08/FC-1.8-UP-100.FPV2-O,Fan Powered VAV 2 Output
OBJECT_ANALOG_OUTPUT_3002201,NAE08/FC-1.8-UP-100.FPV3-O,Fan Powered VAV 3 Output
OBJECT_ANALOG_OUTPUT_3002202,NAE08/FC-1.8-UP-100.DAD2-O,Zone 2 Damper Output
OBJECT_ANALOG_OUTPUT_3002203,NAE08/FC-1.8-UP-100.DAD3-O,Zone 3 Damper Output
OBJECT_ANALOG_OUTPUT_3002447,NAE08/FC-1.9-UP-86.DAD3-O,Sideloop Output
OBJECT_ANALOG_OUTPUT_3002537,NAE08/FC-1.8-UP-101.DAD1-O,Zone 1 Damper Output
OBJECT_ANALOG_OUTPUT_3002621,NAE08/FC-1.7-UP-93.DAD1-O,Discharge Air Damper Output
OBJECT_ANALOG_OUTPUT_3003806,NAE08/FC-1.8-UP-102.DAD1-O,Discharge Air Damper Output
OBJECT_ANALOG_VALUE_3000059,NAE08/FC-1.NAE08-T1-FEC70.FLUSHPOS,Flush Position
OBJECT_ANALOG_VALUE_3000061,NAE08/FC-1.NAE08-T1-FEC70.ZN1T-SP,Zone 1 Temperature Setpoint
OBJECT_ANALOG_VALUE_3000063,NAE08/FC-1.NAE08-T1-FEC70.ZN2T-SP,Zone 2 Temperature Setpoint
OBJECT_ANALOG_VALUE_3000064,NAE08/FC-1.NAE08-T1-FEC70.ZN2-DMP-MAX,CS Input (Float)
OBJECT_ANALOG_VALUE_3000065,NAE08/FC-1.NAE08-T1-FEC70.ZN1-DMP-MAX,CS Input (Float)
OBJECT_ANALOG_VALUE_3000076,NAE08/FC-1.NAE8-T1-FEC71.FLUSHPOS,Flush Position
OBJECT_ANALOG_VALUE_3000078,NAE08/FC-1.NAE8-T1-FEC71.ZN1T-SP,Zone 1 Temperature Setpoint
OBJECT_ANALOG_VALUE_3000080,NAE08/FC-1.NAE8-T1-FEC71.ZN2T-SP,Zone 2 Temperature Setpoint
OBJECT_ANALOG_VALUE_3000081,NAE08/FC-1.NAE8-T1-FEC71.ZN2-DMP-MAX,CS Input (Float)
OBJECT_ANALOG_VALUE_3000082,NAE08/FC-1.NAE8-T1-FEC71.ZN1-DMP-MAX,CS Input (Float)
OBJECT_ANALOG_VALUE_3000093,NAE08/FC-1.NAE8-T1-FEC72.FLUSHPOS,Flush Position
OBJECT_ANALOG_VALUE_3000095,NAE08/FC-1.NAE8-T1-FEC72.ZN1T-SP,Zone 1 Temperature Setpoint
OBJECT_ANALOG_VALUE_3000097,NAE08/FC-1.NAE8-T1-FEC72.ZN2T-SP,Zone 2 Temperature Setpoint
OBJECT_ANALOG_VALUE_3000098,NAE08/FC-1.NAE8-T1-FEC72.ZN2-DMP-MAX,CS Input (Float)
OBJECT_ANALOG_VALUE_3000099,NAE08/FC-1.NAE8-T1-FEC72.ZN1-DMP-MAX,CS Input (Float)
OBJECT_ANALOG_VALUE_3000110,NAE08/FC-1.NAE8-T1-FEC73.FLUSHPOS,Flush Position
OBJECT_ANALOG_VALUE_3000112,NAE08/FC-1.NAE8-T1-FEC73.ZN1T-SP,Zone 1 Temperature Setpoint
OBJECT_ANALOG_VALUE_3000114,NAE08/FC-1.NAE8-T1-FEC73.ZN2T-SP,Zone 2 Temperature Setpoint
OBJECT_ANALOG_VALUE_3000115,NAE08/FC-1.NAE8-T1-FEC73.ZN2-DMP-MAX,CS Input (Float)
OBJECT_ANALOG_VALUE_3000116,NAE08/FC-1.NAE8-T1-FEC73.ZN1-DMP-MAX,CS Input (Float)
OBJECT_ANALOG_VALUE_3000127,NAE08/FC-1.NAE8-T1-FEC74.FLUSHPOS,Flush Position
OBJECT_ANALOG_VALUE_3000129,NAE08/FC-1.NAE8-T1-FEC74.ZN1T-SP,Zone 1 Temperature Setpoint
OBJECT_ANALOG_VALUE_3000131,NAE08/FC-1.NAE8-T1-FEC74.ZN2T-SP,Zone 2 Temperature Setpoint
OBJECT_ANALOG_VALUE_3000132,NAE08/FC-1.NAE8-T1-FEC74.ZN2-DMP-MAX,CS Input (Float)
OBJECT_ANALOG_VALUE_3000133,NAE08/FC-1.NAE8-T1-FEC74.ZN1-DMP-MAX,CS Input (Float)
OBJECT_ANALOG_VALUE_3000144,NAE08/FC-1.NAE8-T1-FEC75.FLUSHPOS,Flush Position
OBJECT_ANALOG_VALUE_3000146,NAE08/FC-1.NAE8-T1-FEC75.ZN1T-SP,Zone 1 Temperature Setpoint
OBJECT_ANALOG_VALUE_3000148,NAE08/FC-1.NAE8-T1-FEC75.ZN2T-SP,Zone 2 Temperature Setpoint
OBJECT_ANALOG_VALUE_3000149,NAE08/FC-1.NAE8-T1-FEC75.ZN2-DMP-MAX,CS Input (Float)
OBJECT_ANALOG_VALUE_3000150,NAE08/FC-1.NAE8-T1-FEC75.ZN1-DMP-MAX,CS Input (Float)
OBJECT_ANALOG_VALUE_3000161,NAE08/FC-1.NAE8-T1-FEC76.FLUSHPOS,Flush Position
OBJECT_ANALOG_VALUE_3000163,NAE08/FC-1.NAE8-T1-FEC76.ZN1T-SP,Zone 1 Temperature Setpoint
OBJECT_ANALOG_VALUE_3000165,NAE08/FC-1.NAE8-T1-FEC76.ZN2T-SP,Zone 2 Temperature Setpoint
OBJECT_ANALOG_VALUE_3000166,NAE08/FC-1.NAE8-T1-FEC76.ZN2-DMP-MAX,CS Input (Float)
OBJECT_ANALOG_VALUE_3000167,NAE08/FC-1.NAE8-T1-FEC76.ZN1-DMP-MAX,CS Input (Float)
OBJECT_ANALOG_VALUE_3000178,NAE08/FC-1.NAE8-T1-FEC77.FLUSHPOS,Flush Position
OBJECT_ANALOG_VALUE_3000180,NAE08/FC-1.NAE8-T1-FEC77.ZN1T-SP,Zone 1 Temperature Setpoint
OBJECT_ANALOG_VALUE_3000182,NAE08/FC-1.NAE8-T1-FEC77.ZN2T-SP,Zone 2 Temperature Setpoint
OBJECT_ANALOG_VALUE_3000183,NAE08/FC-1.NAE8-T1-FEC77.ZN2-DMP-MAX,CS Input (Float)
OBJECT_ANALOG_VALUE_3000184,NAE08/FC-1.NAE8-T1-FEC77.ZN1-DMP-MAX,CS Input (Float)
OBJECT_ANALOG_VALUE_3000195,NAE08/FC-1.NAE8-T1-FEC78.FLUSHPOS,Flush Position
OBJECT_ANALOG_VALUE_3000197,NAE08/FC-1.NAE8-T1-FEC78.ZN1T-SP,Zone 1 Temperature Setpoint
OBJECT_ANALOG_VALUE_3000199,NAE08/FC-1.NAE8-T1-FEC78.ZN2T-SP,Zone 2 Temperature Setpoint
OBJECT_ANALOG_VALUE_3000200,NAE08/FC-1.NAE8-T1-FEC78.ZN2-DMP-MAX,CS Input (Float)
OBJECT_ANALOG_VALUE_3000201,NAE08/FC-1.NAE8-T1-FEC78.ZN1-DMP-MAX,CS Input (Float)
OBJECT_ANALOG_VALUE_3000212,NAE08/FC-1.NAE8-T1-FEC79.FLUSHPOS,Flush Position
OBJECT_ANALOG_VALUE_3000214,NAE08/FC-1.NAE8-T1-FEC79.ZN1T-SP,Zone 1 Temperature Setpoint
OBJECT_ANALOG_VALUE_3000216,NAE08/FC-1.NAE8-T1-FEC79.ZN2T-SP,Zone 2 Temperature Setpoint
OBJECT_ANALOG_VALUE_3000217,NAE08/FC-1.NAE8-T1-FEC79.ZN2-DMP-MAX,CS Input (Float)
OBJECT_ANALOG_VALUE_3000218,NAE08/FC-1.NAE8-T1-FEC79.ZN1-DMP-MAX,CS Input (Float)
OBJECT_ANALOG_VALUE_3000229,NAE08/FC-1.NAE8-T1-FEC80.FLUSHPOS,Flush Position
OBJECT_ANALOG_VALUE_3000231,NAE08/FC-1.NAE8-T1-FEC80.ZN1T-SP,Zone 1 Temperature Setpoint
OBJECT_ANALOG_VALUE_3000233,NAE08/FC-1.NAE8-T1-FEC80.ZN2T-SP,Zone 2 Temperature Setpoint
OBJECT_ANALOG_VALUE_3000234,NAE08/FC-1.NAE8-T1-FEC80.ZN2-DMP-MAX,CS Input (Float)
OBJECT_ANALOG_VALUE_3000235,NAE08/FC-1.NAE8-T1-FEC80.ZN1-DMP-MAX,CS Input (Float)
OBJECT_ANALOG_VALUE_3000260,NAE08/FC-1.NAE8-T1-FEC81.MOAFLOW-SP,Min OA Flow Setpoint
OBJECT_ANALOG_VALUE_3000261,NAE08/FC-1.NAE8-T1-FEC81.ZNP-SP,Duct Static Pressure Setpoint
OBJECT_ANALOG_VALUE_3000262,NAE08/FC-1.NAE8-T1-FEC81.SAT-SP,Discharge Air Temperature Setpoint
OBJECT_ANALOG_VALUE_3000266,NAE08/FC-1.NAE8-T1-FEC81.RA CO2 Setpoint,CS Input (Float)
OBJECT_ANALOG_VALUE_3000268,NAE08/FC-1.NAE8-T1-FEC81.Flow-SP,Setpoint
OBJECT_ANALOG_VALUE_3000293,NAE08/FC-1.NAE8-T1-FEC58.MOAFLOW-SP,Min OA Flow Setpoint
OBJECT_ANALOG_VALUE_3000294,NAE08/FC-1.NAE8-T1-FEC58.ZNP-SP,Duct Static Pressure Setpoint
OBJECT_ANALOG_VALUE_3000295,NAE08/FC-1.NAE8-T1-FEC58.SAT-SP,Discharge Air Temperature Setpoint
OBJECT_ANALOG_VALUE_3000299,NAE08/FC-1.NAE8-T1-FEC58.RA CO2 Setpoint,CS Input (Float)
OBJECT_ANALOG_VALUE_3000301,NAE08/FC-1.NAE8-T1-FEC58.Flow-SP,Setpoint
OBJECT_ANALOG_VALUE_3000312,NAE08/FC-1.NAE8-T1-FEC59.FLUSHPOS,Flush Position
OBJECT_ANALOG_VALUE_3000314,NAE08/FC-1.NAE8-T1-FEC59.ZN1T-SP,Zone 1 Temperature Setpoint
OBJECT_ANALOG_VALUE_3000316,NAE08/FC-1.NAE8-T1-FEC59.ZN2T-SP,Zone 2 Temperature Setpoint
OBJECT_ANALOG_VALUE_3000317,NAE08/FC-1.NAE8-T1-FEC59.ZN2-DMP-MAX,CS Input (Float)
OBJECT_ANALOG_VALUE_3000318,NAE08/FC-1.NAE8-T1-FEC59.ZN1-DMP-MAX,CS Input (Float)
OBJECT_ANALOG_VALUE_3000329,NAE08/FC-1.NAE8-T1-FEC60.FLUSHPOS,Flush Position
OBJECT_ANALOG_VALUE_3000331,NAE08/FC-1.NAE8-T1-FEC60.ZN1T-SP,Zone 1 Temperature Setpoint
OBJECT_ANALOG_VALUE_3000333,NAE08/FC-1.NAE8-T1-FEC60.ZN2T-SP,Zone 2 Temperature Setpoint
OBJECT_ANALOG_VALUE_3000334,NAE08/FC-1.NAE8-T1-FEC60.ZN2-DMP-MAX,CS Input (Float)
OBJECT_ANALOG_VALUE_3000335,NAE08/FC-1.NAE8-T1-FEC60.ZN1-DMP-MAX,CS Input (Float)
OBJECT_ANALOG_VALUE_3000346,NAE08/FC-1.NAE8-T1-FEC61.FLUSHPOS,Flush Position
OBJECT_ANALOG_VALUE_3000348,NAE08/FC-1.NAE8-T1-FEC61.ZN1T-SP,Zone 1 Temperature Setpoint
OBJECT_ANALOG_VALUE_3000350,NAE08/FC-1.NAE8-T1-FEC61.ZN2T-SP,Zone 2 Temperature Setpoint
OBJECT_ANALOG_VALUE_3000351,NAE08/FC-1.NAE8-T1-FEC61.ZN2-DMP-MAX,CS Input (Float)
OBJECT_ANALOG_VALUE_3000352,NAE08/FC-1.NAE8-T1-FEC61.ZN1-DMP-MAX,CS Input (Float)
OBJECT_ANALOG_VALUE_3000363,NAE08/FC-1.NAE8-T1-FEC62.FLUSHPOS,Flush Position
OBJECT_ANALOG_VALUE_3000365,NAE08/FC-1.NAE8-T1-FEC62.ZN1T-SP,Zone 1 Temperature Setpoint
OBJECT_ANALOG_VALUE_3000367,NAE08/FC-1.NAE8-T1-FEC62.ZN2T-SP,Zone 2 Temperature Setpoint
OBJECT_ANALOG_VALUE_3000368,NAE08/FC-1.NAE8-T1-FEC62.ZN2-DMP-MAX,CS Input (Float)
OBJECT_ANALOG_VALUE_3000369,NAE08/FC-1.NAE8-T1-FEC62.ZN1-DMP-MAX,CS Input (Float)
OBJECT_ANALOG_VALUE_3000380,NAE08/FC-1.NAE8-T1-FEC63.FLUSHPOS,Flush Position
OBJECT_ANALOG_VALUE_3000382,NAE08/FC-1.NAE8-T1-FEC63.ZN1T-SP,Zone 1 Temperature Setpoint
OBJECT_ANALOG_VALUE_3000384,NAE08/FC-1.NAE8-T1-FEC63.ZN2T-SP,Zone 2 Temperature Setpoint
OBJECT_ANALOG_VALUE_3000385,NAE08/FC-1.NAE8-T1-FEC63.ZN2-DMP-MAX,CS Input (Float)
OBJECT_ANALOG_VALUE_3000386,NAE08/FC-1.NAE8-T1-FEC63.ZN1-DMP-MAX,CS Input (Float)
OBJECT_ANALOG_VALUE_3000397,NAE08/FC-1.NAE8-T1-FEC64.FLUSHPOS,Flush Position
OBJECT_ANALOG_VALUE_3000399,NAE08/FC-1.NAE8-T1-FEC64.ZN1T-SP,Zone 1 Temperature Setpoint
OBJECT_ANALOG_VALUE_3000401,NAE08/FC-1.NAE8-T1-FEC64.ZN2T-SP,Zone 2 Temperature Setpoint
OBJECT_ANALOG_VALUE_3000402,NAE08/FC-1.NAE8-T1-FEC64.ZN2-DMP-MAX,CS Input (Float)
OBJECT_ANALOG_VALUE_3000403,NAE08/FC-1.NAE8-T1-FEC64.ZN1-DMP-MAX,CS Input (Float)
OBJECT_ANALOG_VALUE_3000414,NAE08/FC-1.NAE8-T1-FEC65.FLUSHPOS,Flush Position
OBJECT_ANALOG_VALUE_3000416,NAE08/FC-1.NAE8-T1-FEC65.ZN1T-SP,Zone 1 Temperature Setpoint
OBJECT_ANALOG_VALUE_3000418,NAE08/FC-1.NAE8-T1-FEC65.ZN2T-SP,Zone 2 Temperature Setpoint
OBJECT_ANALOG_VALUE_3000419,NAE08/FC-1.NAE8-T1-FEC65.ZN2-DMP-MAX,CS Input (Float)
OBJECT_ANALOG_VALUE_3000420,NAE08/FC-1.NAE8-T1-FEC65.ZN1-DMP-MAX,CS Input (Float)
OBJECT_ANALOG_VALUE_3000431,NAE08/FC-1.NAE8-T1-FEC66.FLUSHPOS,Flush Position
OBJECT_ANALOG_VALUE_3000433,NAE08/FC-1.NAE8-T1-FEC66.ZN1T-SP,Zone 1 Temperature Setpoint
OBJECT_ANALOG_VALUE_3000435,NAE08/FC-1.NAE8-T1-FEC66.ZN2T-SP,Zone 2 Temperature Setpoint
OBJECT_ANALOG_VALUE_3000436,NAE08/FC-1.NAE8-T1-FEC66.ZN2-DMP-MAX,CS Input (Float)
OBJECT_ANALOG_VALUE_3000437,NAE08/FC-1.NAE8-T1-FEC66.ZN1-DMP-MAX,CS Input (Float)
OBJECT_ANALOG_VALUE_3000448,NAE08/FC-1.NAE8-T1-FEC67.FLUSHPOS,Flush Position
OBJECT_ANALOG_VALUE_3000450,NAE08/FC-1.NAE8-T1-FEC67.ZN1T-SP,Zone 1 Temperature Setpoint
OBJECT_ANALOG_VALUE_3000452,NAE08/FC-1.NAE8-T1-FEC67.ZN2T-SP,Zone 2 Temperature Setpoint
OBJECT_ANALOG_VALUE_3000453,NAE08/FC-1.NAE8-T1-FEC67.ZN2-DMP-MAX,CS Input (Float)
OBJECT_ANALOG_VALUE_3000454,NAE08/FC-1.NAE8-T1-FEC67.ZN1-DMP-MAX,CS Input (Float)
OBJECT_ANALOG_VALUE_3000465,NAE08/FC-1.NAE8-T1-FEC68.FLUSHPOS,Flush Position
OBJECT_ANALOG_VALUE_3000467,NAE08/FC-1.NAE8-T1-FEC68.ZN1T-SP,Zone 1 Temperature Setpoint
OBJECT_ANALOG_VALUE_3000469,NAE08/FC-1.NAE8-T1-FEC68.ZN2T-SP,Zone 2 Temperature Setpoint
OBJECT_ANALOG_VALUE_3000470,NAE08/FC-1.NAE8-T1-FEC68.ZN2-DMP-MAX,CS Input (Float)
OBJECT_ANALOG_VALUE_3000471,NAE08/FC-1.NAE8-T1-FEC68.ZN1-DMP-MAX,CS Input (Float)
OBJECT_ANALOG_VALUE_3000482,NAE08/FC-1.NAE8-T1-FEC69.FLUSHPOS,Flush Position
OBJECT_ANALOG_VALUE_3000484,NAE08/FC-1.NAE8-T1-FEC69.ZN1T-SP,Zone 1 Temperature Setpoint
OBJECT_ANALOG_VALUE_3000486,NAE08/FC-1.NAE8-T1-FEC69.ZN2T-SP,Zone 2 Temperature Setpoint
OBJECT_ANALOG_VALUE_3000487,NAE08/FC-1.NAE8-T1-FEC69.ZN2-DMP-MAX,CS Input (Float)
OBJECT_ANALOG_VALUE_3000488,NAE08/FC-1.NAE8-T1-FEC69.ZN1-DMP-MAX,CS Input (Float)
OBJECT_ANALOG_VALUE_3000513,NAE08/FC-1.NAE8-T1-FEC45.MOAFLOW-SP,Min OA Flow Setpoint
OBJECT_ANALOG_VALUE_3000514,NAE08/FC-1.NAE8-T1-FEC45.ZNP-SP,Duct Static Pressure Setpoint
OBJECT_ANALOG_VALUE_3000515,NAE08/FC-1.NAE8-T1-FEC45.SAT-SP,Discharge Air Temperature Setpoint
OBJECT_ANALOG_VALUE_3000519,NAE08/FC-1.NAE8-T1-FEC45.RA CO2 Setpoint,CS Input (Float)
OBJECT_ANALOG_VALUE_3000521,NAE08/FC-1.NAE8-T1-FEC45.Flow-SP,Setpoint
OBJECT_ANALOG_VALUE_3000532,NAE08/FC-1.NAE8-T1-FEC46.FLUSHPOS,Flush Position
OBJECT_ANALOG_VALUE_3000534,NAE08/FC-1.NAE8-T1-FEC46.ZN1T-SP,Zone 1 Temperature Setpoint
OBJECT_ANALOG_VALUE_3000536,NAE08/FC-1.NAE8-T1-FEC46.ZN2T-SP,Zone 2 Temperature Setpoint
OBJECT_ANALOG_VALUE_3000537,NAE08/FC-1.NAE8-T1-FEC46.ZN2-DMP-MAX,CS Input (Float)
OBJECT_ANALOG_VALUE_3000538,NAE08/FC-1.NAE8-T1-FEC46.ZN1-DMP-MAX,CS Input (Float)
OBJECT_ANALOG_VALUE_3000549,NAE08/FC-1.NAE8-T1-FEC47.FLUSHPOS,Flush Position
OBJECT_ANALOG_VALUE_3000551,NAE08/FC-1.NAE8-T1-FEC47.ZN1T-SP,Zone 1 Temperature Setpoint
OBJECT_ANALOG_VALUE_3000553,NAE08/FC-1.NAE8-T1-FEC47.ZN2T-SP,Zone 2 Temperature Setpoint
OBJECT_ANALOG_VALUE_3000554,NAE08/FC-1.NAE8-T1-FEC47.ZN2-DMP-MAX,CS Input (Float)
OBJECT_ANALOG_VALUE_3000555,NAE08/FC-1.NAE8-T1-FEC47.ZN1-DMP-MAX,CS Input (Float)
OBJECT_ANALOG_VALUE_3000566,NAE08/FC-1.NAE8-T1-FEC48.FLUSHPOS,Flush Position
OBJECT_ANALOG_VALUE_3000568,NAE08/FC-1.NAE8-T1-FEC48.ZN1T-SP,Zone 1 Temperature Setpoint
OBJECT_ANALOG_VALUE_3000570,NAE08/FC-1.NAE8-T1-FEC48.ZN2T-SP,Zone 2 Temperature Setpoint
OBJECT_ANALOG_VALUE_3000571,NAE08/FC-1.NAE8-T1-FEC48.ZN2-DMP-MAX,CS Input (Float)
OBJECT_ANALOG_VALUE_3000572,NAE08/FC-1.NAE8-T1-FEC48.ZN1-DMP-MAX,CS Input (Float)
OBJECT_ANALOG_VALUE_3000583,NAE08/FC-1.NAE8-T1-FEC49.FLUSHPOS,Flush Position
OBJECT_ANALOG_VALUE_3000585,NAE08/FC-1.NAE8-T1-FEC49.ZN1T-SP,Zone 1 Temperature Setpoint
OBJECT_ANALOG_VALUE_3000587,NAE08/FC-1.NAE8-T1-FEC49.ZN2T-SP,Zone 2 Temperature Setpoint
OBJECT_ANALOG_VALUE_3000588,NAE08/FC-1.NAE8-T1-FEC49.ZN2-DMP-MAX,CS Input (Float)
OBJECT_ANALOG_VALUE_3000589,NAE08/FC-1.NAE8-T1-FEC49.ZN1-DMP-MAX,CS Input (Float)
OBJECT_ANALOG_VALUE_3000600,NAE08/FC-1.NAE8-T1-FEC50.FLUSHPOS,Flush Position
OBJECT_ANALOG_VALUE_3000602,NAE08/FC-1.NAE8-T1-FEC50.ZN1T-SP,Zone 1 Temperature Setpoint
OBJECT_ANALOG_VALUE_3000604,NAE08/FC-1.NAE8-T1-FEC50.ZN2T-SP,Zone 2 Temperature Setpoint
OBJECT_ANALOG_VALUE_3000605,NAE08/FC-1.NAE8-T1-FEC50.ZN2-DMP-MAX,CS Input (Float)
OBJECT_ANALOG_VALUE_3000606,NAE08/FC-1.NAE8-T1-FEC50.ZN1-DMP-MAX,CS Input (Float)
OBJECT_ANALOG_VALUE_3000617,NAE08/FC-1.NAE8-T1-FEC51.FLUSHPOS,Flush Position
OBJECT_ANALOG_VALUE_3000619,NAE08/FC-1.NAE8-T1-FEC51.ZN1T-SP,Zone 1 Temperature Setpoint
OBJECT_ANALOG_VALUE_3000621,NAE08/FC-1.NAE8-T1-FEC51.ZN2T-SP,Zone 2 Temperature Setpoint
OBJECT_ANALOG_VALUE_3000622,NAE08/FC-1.NAE8-T1-FEC51.ZN2-DMP-MAX,CS Input (Float)
OBJECT_ANALOG_VALUE_3000623,NAE08/FC-1.NAE8-T1-FEC51.ZN1-DMP-MAX,CS Input (Float)
OBJECT_ANALOG_VALUE_3000634,NAE08/FC-1.NAE8-T1-FEC52.FLUSHPOS,Flush Position
OBJECT_ANALOG_VALUE_3000636,NAE08/FC-1.NAE8-T1-FEC52.ZN1T-SP,Zone 1 Temperature Setpoint
OBJECT_ANALOG_VALUE_3000638,NAE08/FC-1.NAE8-T1-FEC52.ZN2T-SP,Zone 2 Temperature Setpoint
OBJECT_ANALOG_VALUE_3000639,NAE08/FC-1.NAE8-T1-FEC52.ZN2-DMP-MAX,CS Input (Float)
OBJECT_ANALOG_VALUE_3000640,NAE08/FC-1.NAE8-T1-FEC52.ZN1-DMP-MAX,CS Input (Float)
OBJECT_ANALOG_VALUE_3000651,NAE08/FC-1.NAE8-T1-FEC53.FLUSHPOS,Flush Position
OBJECT_ANALOG_VALUE_3000653,NAE08/FC-1.NAE8-T1-FEC53.ZN1T-SP,Zone 1 Temperature Setpoint
OBJECT_ANALOG_VALUE_3000655,NAE08/FC-1.NAE8-T1-FEC53.ZN2T-SP,Zone 2 Temperature Setpoint
OBJECT_ANALOG_VALUE_3000656,NAE08/FC-1.NAE8-T1-FEC53.ZN2-DMP-MAX,CS Input (Float)
OBJECT_ANALOG_VALUE_3000657,NAE08/FC-1.NAE8-T1-FEC53.ZN1-DMP-MAX,CS Input (Float)
OBJECT_ANALOG_VALUE_3000668,NAE08/FC-1.NAE8-T1-FEC54.FLUSHPOS,Flush Position
OBJECT_ANALOG_VALUE_3000670,NAE08/FC-1.NAE8-T1-FEC54.ZN1T-SP,Zone 1 Temperature Setpoint
OBJECT_ANALOG_VALUE_3000672,NAE08/FC-1.NAE8-T1-FEC54.ZN2T-SP,Zone 2 Temperature Setpoint
OBJECT_ANALOG_VALUE_3000673,NAE08/FC-1.NAE8-T1-FEC54.ZN2-DMP-MAX,CS Input (Float)
OBJECT_ANALOG_VALUE_3000674,NAE08/FC-1.NAE8-T1-FEC54.ZN1-DMP-MAX,CS Input (Float)
OBJECT_ANALOG_VALUE_3000685,NAE08/FC-1.NAE8-T1-FEC55.FLUSHPOS,Flush Position
OBJECT_ANALOG_VALUE_3000687,NAE08/FC-1.NAE8-T1-FEC55.ZN1T-SP,Zone 1 Temperature Setpoint
OBJECT_ANALOG_VALUE_3000689,NAE08/FC-1.NAE8-T1-FEC55.ZN2T-SP,Zone 2 Temperature Setpoint
OBJECT_ANALOG_VALUE_3000690,NAE08/FC-1.NAE8-T1-FEC55.ZN2-DMP-MAX,CS Input (Float)
OBJECT_ANALOG_VALUE_3000691,NAE08/FC-1.NAE8-T1-FEC55.ZN1-DMP-MAX,CS Input (Float)
OBJECT_ANALOG_VALUE_3000702,NAE08/FC-1.NAE8-T1-FEC56.FLUSHPOS,Flush Position
OBJECT_ANALOG_VALUE_3000704,NAE08/FC-1.NAE8-T1-FEC56.ZN1T-SP,Zone 1 Temperature Setpoint
OBJECT_ANALOG_VALUE_3000706,NAE08/FC-1.NAE8-T1-FEC56.ZN2T-SP,Zone 2 Temperature Setpoint
OBJECT_ANALOG_VALUE_3000707,NAE08/FC-1.NAE8-T1-FEC56.ZN2-DMP-MAX,CS Input (Float)
OBJECT_ANALOG_VALUE_3000708,NAE08/FC-1.NAE8-T1-FEC56.ZN1-DMP-MAX,CS Input (Float)
OBJECT_ANALOG_VALUE_3000715,NAE08/FC-1.NAE8-T1-VMA44.SA-F,Airflow Rate
OBJECT_ANALOG_VALUE_3000722,NAE08/FC-1.NAE8-T1-VMA57.SA-F,Airflow Rate
OBJECT_ANALOG_VALUE_3000729,NAE08/FC-1.NAE8-T1-VMA73.SA-F,Airflow Rate
OBJECT_ANALOG_VALUE_3001029,NAE08/FC-1.9-UP-86.ZN1-DMP-MAX,CS Input (Float)
OBJECT_ANALOG_VALUE_3001030,NAE08/FC-1.9-UP-86.ZN2-DMP-MAX,CS Input (Float)
OBJECT_ANALOG_VALUE_3001031,NAE08/FC-1.9-UP-86.UNOCC-SETBK-SP,Unoccupied Setback Setpoint
OBJECT_ANALOG_VALUE_3001032,NAE08/FC-1.9-UP-86.VAV-DMP-MIN-POS,CS Input (Float)
OBJECT_ANALOG_VALUE_3001033,NAE08/FC-1.9-UP-86.SUP-HTG-MIN-POS,Radiation Htg Minimum Position
OBJECT_ANALOG_VALUE_3001037,NAE08/FC-1.9-UP-86.ZN1T-SP,Zone 1 Temperature Setpoint
OBJECT_ANALOG_VALUE_3001039,NAE08/FC-1.9-UP-86.FLUSHPOS,Flush Position
OBJECT_ANALOG_VALUE_3001042,NAE08/FC-1.9-UP-86.OCCMODE-BYPASSTIME,
OBJECT_ANALOG_VALUE_3001049,NAE08/FC-1.9-UP-85.ZN1-DMP-MAX,CS Input (Float)
OBJECT_ANALOG_VALUE_3001050,NAE08/FC-1.9-UP-85.ZN2-DMP-MAX,CS Input (Float)
OBJECT_ANALOG_VALUE_3001051,NAE08/FC-1.9-UP-85.VAV-DMP-MIN-POS,CS Input (Float)
OBJECT_ANALOG_VALUE_3001052,NAE08/FC-1.9-UP-85.SUP-HTG-MIN-POS,Radiation Htg Minimum Position
OBJECT_ANALOG_VALUE_3001053,NAE08/FC-1.9-UP-85.ZN2T-SP,Zone 2 Temperature Setpoint
OBJECT_ANALOG_VALUE_3001057,NAE08/FC-1.9-UP-85.ZN1T-SP,Zone 1 Temperature Setpoint
OBJECT_ANALOG_VALUE_3001063,NAE08/FC-1.9-UP-84.ZN1-DMP-MAX,CS Input (Float)
OBJECT_ANALOG_VALUE_3001064,NAE08/FC-1.9-UP-84.ZN2-DMP-MAX,CS Input (Float)
OBJECT_ANALOG_VALUE_3001065,NAE08/FC-1.9-UP-84.VAV-DMP-MIN-POS,CS Input (Float)
OBJECT_ANALOG_VALUE_3001066,NAE08/FC-1.9-UP-84.SUP-HTG-MIN-POS,Radiation Htg Minimum Position
OBJECT_ANALOG_VALUE_3001067,NAE08/FC-1.9-UP-84.ZN2T-SP,Zone 2 Temperature Setpoint
OBJECT_ANALOG_VALUE_3001069,NAE08/FC-1.9-UP-84.ZN1T-SP,Zone 1 Temperature Setpoint
OBJECT_ANALOG_VALUE_3001075,NAE08/FC-1.9-UP-83.ZN1-DMP-MAX,CS Input (Float)
OBJECT_ANALOG_VALUE_3001076,NAE08/FC-1.9-UP-83.ZN2-DMP-MAX,CS Input (Float)
OBJECT_ANALOG_VALUE_3001077,NAE08/FC-1.9-UP-83.VAV-DMP-MIN-POS,CS Input (Float)
OBJECT_ANALOG_VALUE_3001078,NAE08/FC-1.9-UP-83.SUP-HTG-MIN-POS,Radiation Htg Minimum Position
OBJECT_ANALOG_VALUE_3001081,NAE08/FC-1.9-UP-83.ZN1T-SP,Zone 1 Temperature Setpoint
OBJECT_ANALOG_VALUE_3001112,NAE08/FC-1.9-UP-87.SA-T,Supply Air Temperature
OBJECT_ANALOG_VALUE_3001113,NAE08/FC-1.9-UP-87.CLG-O,Flow Percent
OBJECT_ANALOG_VALUE_3001114,NAE08/FC-1.9-UP-86.ZN2T-SP,Zone 2 Temperature Setpoint
OBJECT_ANALOG_VALUE_3001141,NAE08/FC-1.NAE8-T1-VMA73.ZNT-SP,Common Setpoint
OBJECT_ANALOG_VALUE_3001343,NAE08/FC-1.NAE8-T1-VMA44.EAFLOW-SP,OA Percent
OBJECT_ANALOG_VALUE_3001344,NAE08/FC-1.NAE8-T1-VMA44.SAFLOW-SP,Flow Setpoint
OBJECT_ANALOG_VALUE_3001476,NAE08/FC-1.NAE8-T1-VMA57.EAFLOW-SP,OA Percent
OBJECT_ANALOG_VALUE_3001477,NAE08/FC-1.NAE8-T1-VMA57.SAFLOW-SP,Flow Setpoint
OBJECT_ANALOG_VALUE_3001544,NAE08/FC-1.NAE8-T1-VMA73.EAFLOW-SP,OA Percent
OBJECT_ANALOG_VALUE_3001545,NAE08/FC-1.NAE8-T1-VMA73.SAFLOW-SP,Flow Setpoint
OBJECT_ANALOG_VALUE_3001626,NAE08/FC-1.NAE08-T1-FEC70.VAV-DMP-MIN-POS,CS Input (Float)
OBJECT_ANALOG_VALUE_3001627,NAE08/FC-1.NAE08-T1-FEC70.SUP-HTG-MIN-POS,Radiation Htg Minimum Position
OBJECT_ANALOG_VALUE_3001628,NAE08/FC-1.NAE8-T1-FEC71.VAV-DMP-MIN-POS,CS Input (Float)
OBJECT_ANALOG_VALUE_3001629,NAE08/FC-1.NAE8-T1-FEC71.SUP-HTG-MIN-POS,Radiation Htg Minimum Position
OBJECT_ANALOG_VALUE_3001630,NAE08/FC-1.NAE8-T1-FEC72.VAV-DMP-MIN-POS,CS Input (Float)
OBJECT_ANALOG_VALUE_3001631,NAE08/FC-1.NAE8-T1-FEC72.SUP-HTG-MIN-POS,Radiation Htg Minimum Position
OBJECT_ANALOG_VALUE_3001632,NAE08/FC-1.NAE8-T1-FEC73.VAV-DMP-MIN-POS,CS Input (Float)
OBJECT_ANALOG_VALUE_3001633,NAE08/FC-1.NAE8-T1-FEC73.SUP-HTG-MIN-POS,Radiation Htg Minimum Position
OBJECT_ANALOG_VALUE_3001634,NAE08/FC-1.NAE8-T1-FEC74.VAV-DMP-MIN-POS,CS Input (Float)
OBJECT_ANALOG_VALUE_3001635,NAE08/FC-1.NAE8-T1-FEC74.SUP-HTG-MIN-POS,Radiation Htg Minimum Position
OBJECT_ANALOG_VALUE_3001636,NAE08/FC-1.NAE8-T1-FEC75.VAV-DMP-MIN-POS,CS Input (Float)
OBJECT_ANALOG_VALUE_3001637,NAE08/FC-1.NAE8-T1-FEC75.SUP-HTG-MIN-POS,Radiation Htg Minimum Position
OBJECT_ANALOG_VALUE_3001638,NAE08/FC-1.NAE8-T1-FEC76.VAV-DMP-MIN-POS,CS Input (Float)
OBJECT_ANALOG_VALUE_3001639,NAE08/FC-1.NAE8-T1-FEC76.SUP-HTG-MIN-POS,Radiation Htg Minimum Position
OBJECT_ANALOG_VALUE_3001640,NAE08/FC-1.NAE8-T1-FEC77.VAV-DMP-MIN-POS,CS Input (Float)
OBJECT_ANALOG_VALUE_3001641,NAE08/FC-1.NAE8-T1-FEC77.SUP-HTG-MIN-POS,Radiation Htg Minimum Position
OBJECT_ANALOG_VALUE_3001642,NAE08/FC-1.NAE8-T1-FEC78.VAV-DMP-MIN-POS,CS Input (Float)
OBJECT_ANALOG_VALUE_3001643,NAE08/FC-1.NAE8-T1-FEC78.SUP-HTG-MIN-POS,Radiation Htg Minimum Position
OBJECT_ANALOG_VALUE_3001644,NAE08/FC-1.NAE8-T1-FEC79.VAV-DMP-MIN-POS,CS Input (Float)
OBJECT_ANALOG_VALUE_3001645,NAE08/FC-1.NAE8-T1-FEC79.SUP-HTG-MIN-POS,Radiation Htg Minimum Position
OBJECT_ANALOG_VALUE_3001646,NAE08/FC-1.NAE8-T1-FEC80.VAV-DMP-MIN-POS,CS Input (Float)
OBJECT_ANALOG_VALUE_3001647,NAE08/FC-1.NAE8-T1-FEC80.SUP-HTG-MIN-POS,Radiation Htg Minimum Position
OBJECT_ANALOG_VALUE_3001670,NAE08/FC-1.7-UP-90.ZN1-DMP-MAX,Zone 1 Damper Max
OBJECT_ANALOG_VALUE_3001671,NAE08/FC-1.7-UP-90.ZN3-DMP-MAX,Zone 3 Damper Max
OBJECT_ANALOG_VALUE_3001673,NAE08/FC-1.7-UP-90.ZN2-DMP-MAX,Zone 2 Damper Max
OBJECT_ANALOG_VALUE_3001683,NAE08/FC-1.7-UP-90.VAV-DMP-MIN-POS,Damper Min Position
OBJECT_ANALOG_VALUE_3001689,NAE08/FC-1.7-UP-90.ZN2T-SP,Zone 2 Temperature Setpoint
OBJECT_ANALOG_VALUE_3001693,NAE08/FC-1.7-UP-90.ZN1T-SP,Zone 1 Temperature Setpoint
OBJECT_ANALOG_VALUE_3001708,NAE08/FC-1.7-UP-90.ZN3T-SP,Zone 3 Temperature Setpoint
OBJECT_ANALOG_VALUE_3001712,NAE08/FC-1.7-UP-91.ZN1-DMP-MAX,Zone 1 Damper Max
OBJECT_ANALOG_VALUE_3001725,NAE08/FC-1.7-UP-91.VAV-DMP-MIN-POS,Damper Min Position
OBJECT_ANALOG_VALUE_3001735,NAE08/FC-1.7-UP-91.ZN1T-SP,Zone 1 Temperature Setpoint
OBJECT_ANALOG_VALUE_3001756,NAE08/FC-1.7-UP-92.ZN1-DMP-MAX,Zone 1 Damper Max
OBJECT_ANALOG_VALUE_3001757,NAE08/FC-1.7-UP-92.ZN3-DMP-MAX,Zone 3 Damper Max
OBJECT_ANALOG_VALUE_3001759,NAE08/FC-1.7-UP-92.ZN2-DMP-MAX,Zone 2 Damper Max
OBJECT_ANALOG_VALUE_3001769,NAE08/FC-1.7-UP-92.VAV-DMP-MIN-POS,Damper Min Position
OBJECT_ANALOG_VALUE_3001775,NAE08/FC-1.7-UP-92.ZN2T-SP,Zone 2 Temperature Setpoint
OBJECT_ANALOG_VALUE_3001779,NAE08/FC-1.7-UP-92.ZN1T-SP,Zone 1 Temperature Setpoint
OBJECT_ANALOG_VALUE_3001795,NAE08/FC-1.7-UP-92.ZN3T-SP,Zone 3 Temperature Setpoint
OBJECT_ANALOG_VALUE_3001927,NAE08/FC-1.9-UP-88.ZN-T,CS Input (Float)
OBJECT_ANALOG_VALUE_3001928,NAE08/FC-1.9-UP-88.ZN-SP,CS Input (Float)
OBJECT_ANALOG_VALUE_3001933,NAE08/FC-1.9-UP-88.SA-T,Supply Air Temperature
OBJECT_ANALOG_VALUE_3001934,NAE08/FC-1.9-UP-88.SAFLOW-SP,Flow Setpoint
OBJECT_ANALOG_VALUE_3001935,NAE08/FC-1.9-UP-88.SA-F,
OBJECT_ANALOG_VALUE_3001936,NAE08/FC-1.9-UP-88.CLG-O,Flow Percent
OBJECT_ANALOG_VALUE_3001937,NAE08/FC-1.9-UP-88.CLGOCC-SP,
OBJECT_ANALOG_VALUE_3001938,NAE08/FC-1.9-UP-88.CLGSTBY-SP,
OBJECT_ANALOG_VALUE_3001939,NAE08/FC-1.9-UP-88.CLGUNOCC-SP,
OBJECT_ANALOG_VALUE_3001940,NAE08/FC-1.9-UP-88.HTGOCC-SP,
OBJECT_ANALOG_VALUE_3001941,NAE08/FC-1.9-UP-88.HTGSTBY-SP,
OBJECT_ANALOG_VALUE_3001942,NAE08/FC-1.9-UP-88.HTGUNOCC-SP,
OBJECT_ANALOG_VALUE_3001943,NAE08/FC-1.9-UP-88.EFFCLG-SP,
OBJECT_ANALOG_VALUE_3001944,NAE08/FC-1.9-UP-88.EFFHTG-SP,
OBJECT_ANALOG_VALUE_3001948,NAE08/FC-1.9-UP-89.ZN-SP,CS Input (Float)
OBJECT_ANALOG_VALUE_3001953,NAE08/FC-1.9-UP-89.CLGUNOCC-MINFLOW,Unocc Cooling Min Flow
OBJECT_ANALOG_VALUE_3001954,NAE08/FC-1.9-UP-89.HTGUNOCC-MINFLOW,Unocc Heating Min Flow
OBJECT_ANALOG_VALUE_3001955,NAE08/FC-1.9-UP-89.CLG-MINFLOW,Cooling Min Flow
OBJECT_ANALOG_VALUE_3001956,NAE08/FC-1.9-UP-89.HTG-MINFLOW,Heating Min Flow
OBJECT_ANALOG_VALUE_3001957,NAE08/FC-1.9-UP-89.SA-T,Supply Air Temperature
OBJECT_ANALOG_VALUE_3001958,NAE08/FC-1.9-UP-89.SAFLOW-SP,Flow Setpoint
OBJECT_ANALOG_VALUE_3001959,NAE08/FC-1.9-UP-89.SA-F,
OBJECT_ANALOG_VALUE_3001960,NAE08/FC-1.9-UP-89.CLG-O,Flow Percent
OBJECT_ANALOG_VALUE_3001961,NAE08/FC-1.9-UP-89.CLGOCC-SP,
OBJECT_ANALOG_VALUE_3001962,NAE08/FC-1.9-UP-89.CLGSTBY-SP,
OBJECT_ANALOG_VALUE_3001963,NAE08/FC-1.9-UP-89.CLGUNOCC-SP,
OBJECT_ANALOG_VALUE_3001964,NAE08/FC-1.9-UP-89.HTGOCC-SP,
OBJECT_ANALOG_VALUE_3001965,NAE08/FC-1.9-UP-89.HTGSTBY-SP,
OBJECT_ANALOG_VALUE_3001966,NAE08/FC-1.9-UP-89.HTGUNOCC-SP,
OBJECT_ANALOG_VALUE_3001967,NAE08/FC-1.9-UP-89.EFFCLG-SP,
OBJECT_ANALOG_VALUE_3001968,NAE08/FC-1.9-UP-89.EFFHTG-SP,
OBJECT_ANALOG_VALUE_3002177,NAE08/FC-1.8-UP-100.ZN3-MIN-DMP-POS,Zone 3 Minimum Damper Position
OBJECT_ANALOG_VALUE_3002179,NAE08/FC-1.8-UP-100.ZN3-DMP-MAX,Zone 3 Maximum Damper Position
OBJECT_ANALOG_VALUE_3002181,NAE08/FC-1.8-UP-100.ZN2-DMP-MAX,Zone 2 Maximum Damper Position
OBJECT_ANALOG_VALUE_3002182,NAE08/FC-1.8-UP-100.CLGOCC-SP,Cooling Occupy Setpoint
OBJECT_ANALOG_VALUE_3002183,NAE08/FC-1.8-UP-100.CLGSTBY-SP,Cooling Standby Setpoint
OBJECT_ANALOG_VALUE_3002184,NAE08/FC-1.8-UP-100.CLGUNOCC-SP,Cooling Unoccupy Setpoint
OBJECT_ANALOG_VALUE_3002185,NAE08/FC-1.8-UP-100.HTGOCC-SP,Heating Occupy Setpoint
OBJECT_ANALOG_VALUE_3002186,NAE08/FC-1.8-UP-100.HTGSTBY-SP,Heating Standby Setpoint
OBJECT_ANALOG_VALUE_3002187,NAE08/FC-1.8-UP-100.HTGUNOCC-SP,Heating Unoccupy Setpoint
OBJECT_ANALOG_VALUE_3002188,NAE08/FC-1.8-UP-100.EFFCLG-SP,Effective Cooling Setpoint
OBJECT_ANALOG_VALUE_3002189,NAE08/FC-1.8-UP-100.EFFHTG-SP,Effective Heating Setpoint
OBJECT_ANALOG_VALUE_3002190,NAE08/FC-1.8-UP-100.VAV-DMP-MIN-POS,VAV Damper Minimum Position
OBJECT_ANALOG_VALUE_3002191,NAE08/FC-1.8-UP-100.SUP-HTG-MIN-POS,Supplement Heating Minimum Position
OBJECT_ANALOG_VALUE_3002192,NAE08/FC-1.8-UP-100.ZN2T-SP,Zone 2 Temperature Setpoint
OBJECT_ANALOG_VALUE_3002199,NAE08/FC-1.8-UP-100.ZN3T-SP,Zone 3 Temperature Setpoint
OBJECT_ANALOG_VALUE_3002222,NAE08/FC-1.NAE8-T1-FEC46.VAV-DMP-MIN-POS,CS Input (Float)
OBJECT_ANALOG_VALUE_3002223,NAE08/FC-1.NAE8-T1-FEC46.SUP-HTG-MIN-POS,Radiation Htg Minimum Position
OBJECT_ANALOG_VALUE_3002224,NAE08/FC-1.NAE8-T1-FEC47.VAV-DMP-MIN-POS,CS Input (Float)
OBJECT_ANALOG_VALUE_3002225,NAE08/FC-1.NAE8-T1-FEC47.SUP-HTG-MIN-POS,Radiation Htg Minimum Position
OBJECT_ANALOG_VALUE_3002226,NAE08/FC-1.NAE8-T1-FEC48.VAV-DMP-MIN-POS,CS Input (Float)
OBJECT_ANALOG_VALUE_3002227,NAE08/FC-1.NAE8-T1-FEC48.SUP-HTG-MIN-POS,Radiation Htg Minimum Position
OBJECT_ANALOG_VALUE_3002228,NAE08/FC-1.NAE8-T1-FEC49.VAV-DMP-MIN-POS,CS Input (Float)
OBJECT_ANALOG_VALUE_3002229,NAE08/FC-1.NAE8-T1-FEC49.SUP-HTG-MIN-POS,Radiation Htg Minimum Position
OBJECT_ANALOG_VALUE_3002230,NAE08/FC-1.NAE8-T1-FEC50.VAV-DMP-MIN-POS,CS Input (Float)
OBJECT_ANALOG_VALUE_3002231,NAE08/FC-1.NAE8-T1-FEC50.SUP-HTG-MIN-POS,Radiation Htg Minimum Position
OBJECT_ANALOG_VALUE_3002232,NAE08/FC-1.NAE8-T1-FEC51.VAV-DMP-MIN-POS,CS Input (Float)
OBJECT_ANALOG_VALUE_3002233,NAE08/FC-1.NAE8-T1-FEC51.SUP-HTG-MIN-POS,Radiation Htg Minimum Position
OBJECT_ANALOG_VALUE_3002234,NAE08/FC-1.NAE8-T1-FEC52.VAV-DMP-MIN-POS,CS Input (Float)
OBJECT_ANALOG_VALUE_3002235,NAE08/FC-1.NAE8-T1-FEC52.SUP-HTG-MIN-POS,Radiation Htg Minimum Position
OBJECT_ANALOG_VALUE_3002236,NAE08/FC-1.NAE8-T1-FEC53.VAV-DMP-MIN-POS,CS Input (Float)
OBJECT_ANALOG_VALUE_3002237,NAE08/FC-1.NAE8-T1-FEC53.SUP-HTG-MIN-POS,Radiation Htg Minimum Position
OBJECT_ANALOG_VALUE_3002238,NAE08/FC-1.NAE8-T1-FEC54.VAV-DMP-MIN-POS,CS Input (Float)
OBJECT_ANALOG_VALUE_3002239,NAE08/FC-1.NAE8-T1-FEC54.SUP-HTG-MIN-POS,Radiation Htg Minimum Position
OBJECT_ANALOG_VALUE_3002240,NAE08/FC-1.NAE8-T1-FEC55.VAV-DMP-MIN-POS,CS Input (Float)
OBJECT_ANALOG_VALUE_3002241,NAE08/FC-1.NAE8-T1-FEC55.SUP-HTG-MIN-POS,Radiation Htg Minimum Position
OBJECT_ANALOG_VALUE_3002242,NAE08/FC-1.NAE8-T1-FEC56.VAV-DMP-MIN-POS,CS Input (Float)
OBJECT_ANALOG_VALUE_3002243,NAE08/FC-1.NAE8-T1-FEC56.SUP-HTG-MIN-POS,Radiation Htg Minimum Position
OBJECT_ANALOG_VALUE_3002244,NAE08/FC-1.7-UP-90.SUP-HTG-MIN-POS,
OBJECT_ANALOG_VALUE_3002245,NAE08/FC-1.7-UP-91.SUP-HTG-MIN-POS,Radiation Htg Minimum Position
OBJECT_ANALOG_VALUE_3002246,NAE08/FC-1.7-UP-92.SUP-HTG-MIN-POS,
OBJECT_ANALOG_VALUE_3002247,NAE08/FC-1.NAE8-T1-FEC59.VAV-DMP-MIN-POS,CS Input (Float)
OBJECT_ANALOG_VALUE_3002248,NAE08/FC-1.NAE8-T1-FEC59.SUP-HTG-MIN-POS,Radiation Htg Minimum Position
OBJECT_ANALOG_VALUE_3002249,NAE08/FC-1.NAE8-T1-FEC60.VAV-DMP-MIN-POS,CS Input (Float)
OBJECT_ANALOG_VALUE_3002250,NAE08/FC-1.NAE8-T1-FEC60.SUP-HTG-MIN-POS,Radiation Htg Minimum Position
OBJECT_ANALOG_VALUE_3002251,NAE08/FC-1.NAE8-T1-FEC61.VAV-DMP-MIN-POS,CS Input (Float)
OBJECT_ANALOG_VALUE_3002252,NAE08/FC-1.NAE8-T1-FEC61.SUP-HTG-MIN-POS,Radiation Htg Minimum Position
OBJECT_ANALOG_VALUE_3002253,NAE08/FC-1.NAE8-T1-FEC62.VAV-DMP-MIN-POS,CS Input (Float)
OBJECT_ANALOG_VALUE_3002254,NAE08/FC-1.NAE8-T1-FEC62.SUP-HTG-MIN-POS,Radiation Htg Minimum Position
OBJECT_ANALOG_VALUE_3002255,NAE08/FC-1.NAE8-T1-FEC63.VAV-DMP-MIN-POS,CS Input (Float)
OBJECT_ANALOG_VALUE_3002256,NAE08/FC-1.NAE8-T1-FEC63.SUP-HTG-MIN-POS,Radiation Htg Minimum Position
OBJECT_ANALOG_VALUE_3002257,NAE08/FC-1.NAE8-T1-FEC64.VAV-DMP-MIN-POS,CS Input (Float)
OBJECT_ANALOG_VALUE_3002258,NAE08/FC-1.NAE8-T1-FEC64.SUP-HTG-MIN-POS,Radiation Htg Minimum Position
OBJECT_ANALOG_VALUE_3002259,NAE08/FC-1.NAE8-T1-FEC65.VAV-DMP-MIN-POS,CS Input (Float)
OBJECT_ANALOG_VALUE_3002260,NAE08/FC-1.NAE8-T1-FEC65.SUP-HTG-MIN-POS,Radiation Htg Minimum Position
OBJECT_ANALOG_VALUE_3002261,NAE08/FC-1.NAE8-T1-FEC66.VAV-DMP-MIN-POS,CS Input (Float)
OBJECT_ANALOG_VALUE_3002262,NAE08/FC-1.NAE8-T1-FEC66.SUP-HTG-MIN-POS,Radiation Htg Minimum Position
OBJECT_ANALOG_VALUE_3002263,NAE08/FC-1.NAE8-T1-FEC67.VAV-DMP-MIN-POS,CS Input (Float)
OBJECT_ANALOG_VALUE_3002264,NAE08/FC-1.NAE8-T1-FEC67.SUP-HTG-MIN-POS,Radiation Htg Minimum Position
OBJECT_ANALOG_VALUE_3002265,NAE08/FC-1.NAE8-T1-FEC68.VAV-DMP-MIN-POS,CS Input (Float)
OBJECT_ANALOG_VALUE_3002266,NAE08/FC-1.NAE8-T1-FEC68.SUP-HTG-MIN-POS,Radiation Htg Minimum Position
OBJECT_ANALOG_VALUE_3002267,NAE08/FC-1.NAE8-T1-FEC69.VAV-DMP-MIN-POS,CS Input (Float)
OBJECT_ANALOG_VALUE_3002268,NAE08/FC-1.NAE8-T1-FEC69.SUP-HTG-MIN-POS,Radiation Htg Minimum Position
OBJECT_ANALOG_VALUE_3002448,NAE08/FC-1.9-UP-86.ZN3T-SP,Sideloop Temperature Setpoint
OBJECT_ANALOG_VALUE_3002468,NAE08/FC-1.9-UP-88.CLGUNOCC-MINFLOW,Unocc Cooling Min Flow
OBJECT_ANALOG_VALUE_3002469,NAE08/FC-1.9-UP-88.HTGUNOCC-MINFLOW,Unocc Heating Min Flow
OBJECT_ANALOG_VALUE_3002470,NAE08/FC-1.9-UP-88.CLDWN-MINFLOW,Cooldown Min Flow
OBJECT_ANALOG_VALUE_3002471,NAE08/FC-1.9-UP-88.WU-MINFLOW,Warmup Min Flow
OBJECT_ANALOG_VALUE_3002472,NAE08/FC-1.9-UP-88.MINFLOWCO2-SP,Setpoint
OBJECT_ANALOG_VALUE_3002473,NAE08/FC-1.9-UP-88.MINFLOWCO2-PB,Proportional Band
OBJECT_ANALOG_VALUE_3002474,NAE08/FC-1.9-UP-88.OCC-LEVEL,Occupancy Level
OBJECT_ANALOG_VALUE_3002475,NAE08/FC-1.9-UP-88.CLG-MINFLOW,Cooling Min Flow
OBJECT_ANALOG_VALUE_3002476,NAE08/FC-1.9-UP-88.HTG-MINFLOW,Heating Min Flow
OBJECT_ANALOG_VALUE_3002477,NAE08/FC-1.9-UP-88.OA-PERCENT,OA Percent
OBJECT_ANALOG_VALUE_3002481,NAE08/FC-1.9-UP-88.SAFLOW-ABSEFFORT,Supply Damper Absolute EWMA Effort
OBJECT_ANALOG_VALUE_3002482,NAE08/FC-1.9-UP-88.SAFLOW-ABSERROR,Supply Damper Absolute EWMA Error
OBJECT_ANALOG_VALUE_3002483,NAE08/FC-1.9-UP-88.SAFLOW-ERROR,Supply Damper EWMA Error
OBJECT_ANALOG_VALUE_3002484,NAE08/FC-1.9-UP-88.SAFLOW-EWMA,Supply Damper EWMA Present Value
OBJECT_ANALOG_VALUE_3002485,NAE08/FC-1.9-UP-88.SAD-ST,
OBJECT_ANALOG_VALUE_3002487,NAE08/FC-1.9-UP-88.CLG-ABSERROR,Supply Flow Absolute EWMA Error
OBJECT_ANALOG_VALUE_3002488,NAE08/FC-1.9-UP-88.CLG-ABSEFFORT,Supply Flow Absolute EWMA Effort
OBJECT_ANALOG_VALUE_3002489,NAE08/FC-1.9-UP-88.CLG-ERROR,Supply Flow EWMA Error
OBJECT_ANALOG_VALUE_3002490,NAE08/FC-1.9-UP-88.CLG-EWMA,Supply Flow EWMA Present Value
OBJECT_ANALOG_VALUE_3002493,NAE08/FC-1.9-UP-88.WCT-DIFF,Warmup Diff
OBJECT_ANALOG_VALUE_3002495,NAE08/FC-1.9-UP-88.SA-AREA,Supply Area
OBJECT_ANALOG_VALUE_3002496,NAE08/FC-1.9-UP-88.SA-KFACTOR,Supply Pickup Gain
OBJECT_ANALOG_VALUE_3002497,NAE08/FC-1.9-UP-88.CLG-MAXFLOW,Cooling Max Flow
OBJECT_ANALOG_VALUE_3002498,NAE08/FC-1.9-UP-88.CLGOCC-MINFLOW,Occ Cooling Min Flow
OBJECT_ANALOG_VALUE_3002499,NAE08/FC-1.9-UP-88.HTGOCC-MINFLOW,Occ Heating Min Flow
OBJECT_ANALOG_VALUE_3002501,NAE08/FC-1.9-UP-88.PFRESTART-TIME,Power Fail Restart Time
OBJECT_ANALOG_VALUE_3002504,NAE08/FC-1.9-UP-88.UNOCC-SATTIME,Satisfied Timer Duration
OBJECT_ANALOG_VALUE_3002508,NAE08/FC-1.9-UP-88.OCCMODE-BYPASSTIME,
OBJECT_ANALOG_VALUE_3002509,NAE08/FC-1.9-UP-88.HTG-PURGETIME,Heating Purge Duration
OBJECT_ANALOG_VALUE_3002528,NAE08/FC-1.8-UP-101.ZN1-DMP-MAX,Zone 1 Damper Maximum Position
OBJECT_ANALOG_VALUE_3002529,NAE08/FC-1.8-UP-101.CLGOCC-SP,Cooling Occupy Setpoint
OBJECT_ANALOG_VALUE_3002530,NAE08/FC-1.8-UP-101.CLGSTBY-SP,Cooling Standby Setpoint
OBJECT_ANALOG_VALUE_3002531,NAE08/FC-1.8-UP-101.CLGUNOCC-SP,Cooling Unoccupy Setpoint
OBJECT_ANALOG_VALUE_3002532,NAE08/FC-1.8-UP-101.HTGOCC-SP,Heating Occupy Setpoint
OBJECT_ANALOG_VALUE_3002533,NAE08/FC-1.8-UP-101.HTGSTBY-SP,Heating Standby Setpoint
OBJECT_ANALOG_VALUE_3002534,NAE08/FC-1.8-UP-101.HTGUNOCC-SP,Heating Unoccupy Setpoint
OBJECT_ANALOG_VALUE_3002535,NAE08/FC-1.8-UP-101.VAV-DMP-MIN-POS,VAV Damper Minimum Position
OBJECT_ANALOG_VALUE_3002536,NAE08/FC-1.8-UP-101.SUP-HTG-MIN-POS,Supplement Heating Minimum Position
OBJECT_ANALOG_VALUE_3002538,NAE08/FC-1.8-UP-101.ZN1T-SP,Zone 1 Temperature Setpoint
OBJECT_ANALOG_VALUE_3002562,NAE08/FC-1.NAE8-T1-FEC45.RA-CO2A,Return Air CO2 Sensor A
OBJECT_ANALOG_VALUE_3002588,NAE08/FC-1.NAE8-T1-FEC64.ZONE1_3-T,Zone 1 & 3 High Temperature Select
OBJECT_ANALOG_VALUE_3002619,NAE08/FC-1.7-UP-93.ZN1-DMP-MAX,CS Input (Float)
OBJECT_ANALOG_VALUE_3002620,NAE08/FC-1.7-UP-93.VAV-DMP-MIN-POS,CS Input (Float)
OBJECT_ANALOG_VALUE_3002623,NAE08/FC-1.7-UP-93.ZN1T-SP,Zone 1 Temperature Setpoint
OBJECT_ANALOG_VALUE_3003411,NAE08/FC-1.9-UP-87.ZN-SP,CS Input (Float)
OBJECT_ANALOG_VALUE_3003412,NAE08/FC-1.9-UP-87.ZN-T,Global Object used
OBJECT_ANALOG_VALUE_3003422,NAE08/FC-1.9-UP-89.SAD-ST,
OBJECT_ANALOG_VALUE_3003423,NAE08/FC-1.9-UP-87.OA-PERCENT,OA Percent
OBJECT_ANALOG_VALUE_3003424,NAE08/FC-1.9-UP-87.SAD-ST,
OBJECT_ANALOG_VALUE_3003425,NAE08/FC-1.9-UP-87.SA-F,
OBJECT_ANALOG_VALUE_3003807,NAE08/FC-1.8-UP-102.ZN1-DMP-MAX,CS Input (Float)
OBJECT_ANALOG_VALUE_3003808,NAE08/FC-1.8-UP-102.VAV-DMP-MIN-POS,CS Input (Float)
OBJECT_ANALOG_VALUE_3003809,NAE08/FC-1.8-UP-102.SUP-HTG-MIN-POS,Radiation Htg Minimum Position
OBJECT_ANALOG_VALUE_3003810,NAE08/FC-1.8-UP-102.ZN1T-SP,Zone 1 Temperature Setpoint
OBJECT_ANALOG_VALUE_3003814,NAE08/FC-1.8-UP-102.CLGOCC-SP,
OBJECT_ANALOG_VALUE_3003815,NAE08/FC-1.8-UP-102.CLGSTBY-SP,
OBJECT_ANALOG_VALUE_3003816,NAE08/FC-1.8-UP-102.CLGUNOCC-SP,
OBJECT_ANALOG_VALUE_3003817,NAE08/FC-1.8-UP-102.HTGOCC-SP,
OBJECT_ANALOG_VALUE_3003818,NAE08/FC-1.8-UP-102.HTGSTBY-SP,
OBJECT_ANALOG_VALUE_3003819,NAE08/FC-1.8-UP-102.HTGUNOCC-SP,
OBJECT_ANALOG_VALUE_3003942,NAE08/FC-1.NAE8-T1-FEC81.CO2 SP Differential,Input (Float)
OBJECT_ANALOG_VALUE_3003943,NAE08/FC-1.NAE8-T1-FEC58.CO2 SP Differential,Input (Float)
OBJECT_ANALOG_VALUE_3003975,NAE08/FC-1.NAE8-T1-FEC58.Floor Max CO2,Output (Float)
OBJECT_ANALOG_VALUE_3003976,NAE08/FC-1.NAE8-T1-FEC81.Floor Max CO2,Output (Float)
OBJECT_ANALOG_VALUE_3003977,NAE08/FC-1.NAE8-T1-FEC45.Floor Max CO2,Output (Float)
OBJECT_ANALOG_VALUE_3004001,NAE08/FC-1.NAE8-T1-FEC45.CO2 SP Differential,Input (Float)
OBJECT_ANALOG_VALUE_3004309,NAE08/FC-1.NAE8-T1-FEC45.2DAT RST ZNT MAX,CS Input (Float)
OBJECT_ANALOG_VALUE_3004310,NAE08/FC-1.NAE8-T1-FEC45.2DAT RST ZNT MIN,CS Input (Float)
OBJECT_ANALOG_VALUE_3004311,NAE08/FC-1.NAE8-T1-FEC45.1DAT RST OAT MIN,CS Input (Float)
OBJECT_ANALOG_VALUE_3004312,NAE08/FC-1.NAE8-T1-FEC45.1DAT CLG-MAX OAT RST,CS Input (Float)
OBJECT_ANALOG_VALUE_3004313,NAE08/FC-1.NAE8-T1-FEC45.1DAT RST OAT MAX,CS Input (Float)
OBJECT_ANALOG_VALUE_3004314,NAE08/FC-1.NAE8-T1-FEC45.1DAT CLG-MIN OAT RST,CS Input (Float)
OBJECT_ANALOG_VALUE_3004315,NAE08/FC-1.NAE8-T1-FEC45.2DAT CLG-MAX ZNT RST,CS Input (Float)
OBJECT_ANALOG_VALUE_3004316,NAE08/FC-1.NAE8-T1-FEC45.2DAT CLG-MIN ZNT RST,CS Input (Float)
OBJECT_ANALOG_VALUE_3004318,NAE08/FC-1.NAE8-T1-FEC45.OA-T,CS Input (Float)
OBJECT_ANALOG_VALUE_3004319,NAE08/FC-1.NAE8-T1-FEC45.Min CO2 RST,CS Input (Float)
OBJECT_ANALOG_VALUE_3004323,NAE08/FC-1.NAE8-T1-FEC45.DAT-SP-RAT,Output (Float)
OBJECT_ANALOG_VALUE_3004324,NAE08/FC-1.NAE8-T1-FEC45.DAT-SP-OAT,Output (Float)
OBJECT_ANALOG_VALUE_3004327,NAE08/FC-1.NAE8-T1-FEC45.Discharge Air Setpoint Calculat,Discharge Air Setpoint
OBJECT_ANALOG_VALUE_3004328,NAE08/FC-1.NAE8-T1-FEC45.Eff OA Flow Setpoint,Output (Float)
OBJECT_ANALOG_VALUE_3004329,NAE08/FC-1.NAE8-T1-FEC45.RAT-SP,CS Input (Float)
OBJECT_ANALOG_VALUE_3004330,NAE08/FC-1.NAE8-T1-FEC45.MIAFLOW-SP,CS Input (Float)
OBJECT_ANALOG_VALUE_3004331,NAE08/FC-1.NAE8-T1-FEC58.2DAT RST ZNT MAX,CS Input (Float)
OBJECT_ANALOG_VALUE_3004332,NAE08/FC-1.NAE8-T1-FEC58.2DAT RST ZNT MIN,CS Input (Float)
OBJECT_ANALOG_VALUE_3004333,NAE08/FC-1.NAE8-T1-FEC58.1DAT RST OAT MIN,CS Input (Float)
OBJECT_ANALOG_VALUE_3004334,NAE08/FC-1.NAE8-T1-FEC58.1DAT CLG-MAX OAT RST,CS Input (Float)
OBJECT_ANALOG_VALUE_3004335,NAE08/FC-1.NAE8-T1-FEC58.1DAT RST OAT MAX,CS Input (Float)
OBJECT_ANALOG_VALUE_3004336,NAE08/FC-1.NAE8-T1-FEC58.1DAT CLG-MIN OAT RST,CS Input (Float)
OBJECT_ANALOG_VALUE_3004337,NAE08/FC-1.NAE8-T1-FEC58.MIAFLOW-SP,CS Input (Float)
OBJECT_ANALOG_VALUE_3004338,NAE08/FC-1.NAE8-T1-FEC58.2DAT CLG-MAX ZNT RST,CS Input (Float)
OBJECT_ANALOG_VALUE_3004339,NAE08/FC-1.NAE8-T1-FEC58.2DAT CLG-MIN ZNT RST,CS Input (Float)
OBJECT_ANALOG_VALUE_3004341,NAE08/FC-1.NAE8-T1-FEC58.OA-T,CS Input (Float)
OBJECT_ANALOG_VALUE_3004342,NAE08/FC-1.NAE8-T1-FEC58.Min CO2 RST,CS Input (Float)
OBJECT_ANALOG_VALUE_3004346,NAE08/FC-1.NAE8-T1-FEC58.DAT-SP-RAT,Output (Float)
OBJECT_ANALOG_VALUE_3004347,NAE08/FC-1.NAE8-T1-FEC58.DAT-SP-OAT,Output (Float)
OBJECT_ANALOG_VALUE_3004350,NAE08/FC-1.NAE8-T1-FEC58.Discharge Air Setpoint Calculat,Discharge Air Setpoint
OBJECT_ANALOG_VALUE_3004351,NAE08/FC-1.NAE8-T1-FEC58.RAT-SP,CS Input (Float)
OBJECT_ANALOG_VALUE_3004352,NAE08/FC-1.NAE8-T1-FEC58.Eff OA Flow Setpoint,Output (Float)
OBJECT_ANALOG_VALUE_3004353,NAE08/FC-1.NAE8-T1-FEC81.2DAT RST ZNT MAX,CS Input (Float)
OBJECT_ANALOG_VALUE_3004354,NAE08/FC-1.NAE8-T1-FEC81.2DAT RST ZNT MIN,CS Input (Float)
OBJECT_ANALOG_VALUE_3004355,NAE08/FC-1.NAE8-T1-FEC81.1DAT RST OAT MIN,CS Input (Float)
OBJECT_ANALOG_VALUE_3004356,NAE08/FC-1.NAE8-T1-FEC81.1DAT CLG-MAX OAT RST,CS Input (Float)
OBJECT_ANALOG_VALUE_3004357,NAE08/FC-1.NAE8-T1-FEC81.1DAT RST OAT MAX,CS Input (Float)
OBJECT_ANALOG_VALUE_3004358,NAE08/FC-1.NAE8-T1-FEC81.1DAT CLG-MIN OAT RST,CS Input (Float)
OBJECT_ANALOG_VALUE_3004359,NAE08/FC-1.NAE8-T1-FEC81.MIAFLOW-SP,CS Input (Float)
OBJECT_ANALOG_VALUE_3004360,NAE08/FC-1.NAE8-T1-FEC81.2DAT CLG-MAX ZNT RST,CS Input (Float)
OBJECT_ANALOG_VALUE_3004361,NAE08/FC-1.NAE8-T1-FEC81.2DAT CLG-MIN ZNT RST,CS Input (Float)
OBJECT_ANALOG_VALUE_3004363,NAE08/FC-1.NAE8-T1-FEC81.OA-T,CS Input (Float)
OBJECT_ANALOG_VALUE_3004364,NAE08/FC-1.NAE8-T1-FEC81.Min CO2 RST,CS Input (Float)
OBJECT_ANALOG_VALUE_3004368,NAE08/FC-1.NAE8-T1-FEC81.DAT-SP-RAT,Output (Float)
OBJECT_ANALOG_VALUE_3004369,NAE08/FC-1.NAE8-T1-FEC81.DAT-SP-OAT,Output (Float)
OBJECT_ANALOG_VALUE_3004372,NAE08/FC-1.NAE8-T1-FEC81.Discharge Air Setpoint Calculat,Discharge Air Setpoint
OBJECT_ANALOG_VALUE_3004373,NAE08/FC-1.NAE8-T1-FEC81.Eff OA Flow Setpoint,Output (Float)
OBJECT_ANALOG_VALUE_3004374,NAE08/FC-1.NAE8-T1-FEC81.RAT-SP,CS Input (Float)
OBJECT_BINARY_INPUT_3000238,NAE08/FC-1.NAE8-T1-FEC81.HT-A,High Temperature Alarm
OBJECT_BINARY_INPUT_3000240,NAE08/FC-1.NAE8-T1-FEC81.SF-S,Supply Fan Status
OBJECT_BINARY_INPUT_3000253,NAE08/FC-1.NAE8-T1-FEC81.CULEAK-A,Compartment Unit Leak Alarm
OBJECT_BINARY_INPUT_3000254,NAE08/FC-1.NAE8-T1-FEC81.OAD-ES,OA Damper End Switch
OBJECT_BINARY_INPUT_3000255,NAE08/FC-1.NAE8-T1-FEC81.PFILT-S,PreFilter Status
OBJECT_BINARY_INPUT_3000271,NAE08/FC-1.NAE8-T1-FEC58.HT-A,High Temperature Alarm
OBJECT_BINARY_INPUT_3000273,NAE08/FC-1.NAE8-T1-FEC58.SF-S,Supply Fan Status
OBJECT_BINARY_INPUT_3000286,NAE08/FC-1.NAE8-T1-FEC58.CULEAK-A,Compartment Unit Leak Alarm
OBJECT_BINARY_INPUT_3000287,NAE08/FC-1.NAE8-T1-FEC58.OAD-ES,OA Damper End Switch
OBJECT_BINARY_INPUT_3000288,NAE08/FC-1.NAE8-T1-FEC58.PFILT-S,PreFilter Status
OBJECT_BINARY_INPUT_3000491,NAE08/FC-1.NAE8-T1-FEC45.HT-A,High Temperature Alarm
OBJECT_BINARY_INPUT_3000493,NAE08/FC-1.NAE8-T1-FEC45.SF-S,Supply Fan Status
OBJECT_BINARY_INPUT_3000506,NAE08/FC-1.NAE8-T1-FEC45.CULEAK-A,Compartment Unit Leak Alarm
OBJECT_BINARY_INPUT_3000507,NAE08/FC-1.NAE8-T1-FEC45.OAD-ES,OA Damper End Switch
OBJECT_BINARY_INPUT_3000508,NAE08/FC-1.NAE8-T1-FEC45.PFILT-S,PreFilter Status
OBJECT_BINARY_INPUT_3001107,NAE08/FC-1.9-UP-87.SF-S,Supply Fan Status
OBJECT_BINARY_INPUT_3001929,NAE08/FC-1.9-UP-88.SF-S,Supply Fan Status
OBJECT_BINARY_INPUT_3001949,NAE08/FC-1.9-UP-89.SF-S,Supply Fan Status
OBJECT_BINARY_OUTPUT_3000239,NAE08/FC-1.NAE8-T1-FEC81.SF-C,Supply Fan Command
OBJECT_BINARY_OUTPUT_3000272,NAE08/FC-1.NAE8-T1-FEC58.SF-C,Supply Fan Command
OBJECT_BINARY_OUTPUT_3000492,NAE08/FC-1.NAE8-T1-FEC45.SF-C,Supply Fan Command
OBJECT_BINARY_OUTPUT_3001109,NAE08/FC-1.9-UP-87.SF-C,Supply Fan Command
OBJECT_BINARY_OUTPUT_3001931,NAE08/FC-1.9-UP-88.SF-C,Supply Fan Command
OBJECT_BINARY_OUTPUT_3001951,NAE08/FC-1.9-UP-89.SF-C,Supply Fan Command
OBJECT_BINARY_VALUE_3000058,NAE08/FC-1.NAE08-T1-FEC70.HTG-EN,Heating isAvailable
OBJECT_BINARY_VALUE_3000060,NAE08/FC-1.NAE08-T1-FEC70.CLG-EN,Cooling isAvailable
OBJECT_BINARY_VALUE_3000062,NAE08/FC-1.NAE08-T1-FEC70.TUNING-RESET,Application Tuning Reset
OBJECT_BINARY_VALUE_3000075,NAE08/FC-1.NAE8-T1-FEC71.HTG-EN,Heating isAvailable
OBJECT_BINARY_VALUE_3000077,NAE08/FC-1.NAE8-T1-FEC71.CLG-EN,Cooling isAvailable
OBJECT_BINARY_VALUE_3000079,NAE08/FC-1.NAE8-T1-FEC71.TUNING-RESET,Application Tuning Reset
OBJECT_BINARY_VALUE_3000092,NAE08/FC-1.NAE8-T1-FEC72.HTG-EN,Heating isAvailable
OBJECT_BINARY_VALUE_3000094,NAE08/FC-1.NAE8-T1-FEC72.CLG-EN,Cooling isAvailable
OBJECT_BINARY_VALUE_3000096,NAE08/FC-1.NAE8-T1-FEC72.TUNING-RESET,Application Tuning Reset
OBJECT_BINARY_VALUE_3000109,NAE08/FC-1.NAE8-T1-FEC73.HTG-EN,Heating isAvailable
OBJECT_BINARY_VALUE_3000111,NAE08/FC-1.NAE8-T1-FEC73.CLG-EN,Cooling isAvailable
OBJECT_BINARY_VALUE_3000113,NAE08/FC-1.NAE8-T1-FEC73.TUNING-RESET,Application Tuning Reset
OBJECT_BINARY_VALUE_3000126,NAE08/FC-1.NAE8-T1-FEC74.HTG-EN,Heating isAvailable
OBJECT_BINARY_VALUE_3000128,NAE08/FC-1.NAE8-T1-FEC74.CLG-EN,Cooling isAvailable
OBJECT_BINARY_VALUE_3000130,NAE08/FC-1.NAE8-T1-FEC74.TUNING-RESET,Application Tuning Reset
OBJECT_BINARY_VALUE_3000143,NAE08/FC-1.NAE8-T1-FEC75.HTG-EN,Heating isAvailable
OBJECT_BINARY_VALUE_3000145,NAE08/FC-1.NAE8-T1-FEC75.CLG-EN,Cooling isAvailable
OBJECT_BINARY_VALUE_3000147,NAE08/FC-1.NAE8-T1-FEC75.TUNING-RESET,Application Tuning Reset
OBJECT_BINARY_VALUE_3000160,NAE08/FC-1.NAE8-T1-FEC76.HTG-EN,Heating isAvailable
OBJECT_BINARY_VALUE_3000162,NAE08/FC-1.NAE8-T1-FEC76.CLG-EN,Cooling isAvailable
OBJECT_BINARY_VALUE_3000164,NAE08/FC-1.NAE8-T1-FEC76.TUNING-RESET,Application Tuning Reset
OBJECT_BINARY_VALUE_3000177,NAE08/FC-1.NAE8-T1-FEC77.HTG-EN,Heating isAvailable
OBJECT_BINARY_VALUE_3000179,NAE08/FC-1.NAE8-T1-FEC77.CLG-EN,Cooling isAvailable
OBJECT_BINARY_VALUE_3000181,NAE08/FC-1.NAE8-T1-FEC77.TUNING-RESET,Application Tuning Reset
OBJECT_BINARY_VALUE_3000194,NAE08/FC-1.NAE8-T1-FEC78.HTG-EN,Heating isAvailable
OBJECT_BINARY_VALUE_3000196,NAE08/FC-1.NAE8-T1-FEC78.CLG-EN,Cooling isAvailable
OBJECT_BINARY_VALUE_3000198,NAE08/FC-1.NAE8-T1-FEC78.TUNING-RESET,Application Tuning Reset
OBJECT_BINARY_VALUE_3000211,NAE08/FC-1.NAE8-T1-FEC79.HTG-EN,Heating isAvailable
OBJECT_BINARY_VALUE_3000213,NAE08/FC-1.NAE8-T1-FEC79.CLG-EN,Cooling isAvailable
OBJECT_BINARY_VALUE_3000215,NAE08/FC-1.NAE8-T1-FEC79.TUNING-RESET,Application Tuning Reset
OBJECT_BINARY_VALUE_3000228,NAE08/FC-1.NAE8-T1-FEC80.HTG-EN,Heating isAvailable
OBJECT_BINARY_VALUE_3000230,NAE08/FC-1.NAE8-T1-FEC80.CLG-EN,Cooling isAvailable
OBJECT_BINARY_VALUE_3000232,NAE08/FC-1.NAE8-T1-FEC80.TUNING-RESET,Application Tuning Reset
OBJECT_BINARY_VALUE_3000263,NAE08/FC-1.NAE8-T1-FEC81.CLG-EN,Cooling isAvailable
OBJECT_BINARY_VALUE_3000264,NAE08/FC-1.NAE8-T1-FEC81.TUNING-RESET,Application Tuning Reset
OBJECT_BINARY_VALUE_3000296,NAE08/FC-1.NAE8-T1-FEC58.CLG-EN,Cooling isAvailable
OBJECT_BINARY_VALUE_3000297,NAE08/FC-1.NAE8-T1-FEC58.TUNING-RESET,Application Tuning Reset
OBJECT_BINARY_VALUE_3000311,NAE08/FC-1.NAE8-T1-FEC59.HTG-EN,Heating isAvailable
OBJECT_BINARY_VALUE_3000313,NAE08/FC-1.NAE8-T1-FEC59.CLG-EN,Cooling isAvailable
OBJECT_BINARY_VALUE_3000315,NAE08/FC-1.NAE8-T1-FEC59.TUNING-RESET,Application Tuning Reset
OBJECT_BINARY_VALUE_3000328,NAE08/FC-1.NAE8-T1-FEC60.HTG-EN,Heating isAvailable
OBJECT_BINARY_VALUE_3000330,NAE08/FC-1.NAE8-T1-FEC60.CLG-EN,Cooling isAvailable
OBJECT_BINARY_VALUE_3000332,NAE08/FC-1.NAE8-T1-FEC60.TUNING-RESET,Application Tuning Reset
OBJECT_BINARY_VALUE_3000345,NAE08/FC-1.NAE8-T1-FEC61.HTG-EN,Heating isAvailable
OBJECT_BINARY_VALUE_3000347,NAE08/FC-1.NAE8-T1-FEC61.CLG-EN,Cooling isAvailable
OBJECT_BINARY_VALUE_3000349,NAE08/FC-1.NAE8-T1-FEC61.TUNING-RESET,Application Tuning Reset
OBJECT_BINARY_VALUE_3000362,NAE08/FC-1.NAE8-T1-FEC62.HTG-EN,Heating isAvailable
OBJECT_BINARY_VALUE_3000364,NAE08/FC-1.NAE8-T1-FEC62.CLG-EN,Cooling isAvailable
OBJECT_BINARY_VALUE_3000366,NAE08/FC-1.NAE8-T1-FEC62.TUNING-RESET,Application Tuning Reset
OBJECT_BINARY_VALUE_3000379,NAE08/FC-1.NAE8-T1-FEC63.HTG-EN,Heating isAvailable
OBJECT_BINARY_VALUE_3000381,NAE08/FC-1.NAE8-T1-FEC63.CLG-EN,Cooling isAvailable
OBJECT_BINARY_VALUE_3000383,NAE08/FC-1.NAE8-T1-FEC63.TUNING-RESET,Application Tuning Reset
OBJECT_BINARY_VALUE_3000396,NAE08/FC-1.NAE8-T1-FEC64.HTG-EN,Heating isAvailable
OBJECT_BINARY_VALUE_3000398,NAE08/FC-1.NAE8-T1-FEC64.CLG-EN,Cooling isAvailable
OBJECT_BINARY_VALUE_3000400,NAE08/FC-1.NAE8-T1-FEC64.TUNING-RESET,Application Tuning Reset
OBJECT_BINARY_VALUE_3000413,NAE08/FC-1.NAE8-T1-FEC65.HTG-EN,Heating isAvailable
OBJECT_BINARY_VALUE_3000415,NAE08/FC-1.NAE8-T1-FEC65.CLG-EN,Cooling isAvailable
OBJECT_BINARY_VALUE_3000417,NAE08/FC-1.NAE8-T1-FEC65.TUNING-RESET,Application Tuning Reset
OBJECT_BINARY_VALUE_3000430,NAE08/FC-1.NAE8-T1-FEC66.HTG-EN,Heating isAvailable
OBJECT_BINARY_VALUE_3000432,NAE08/FC-1.NAE8-T1-FEC66.CLG-EN,Cooling isAvailable
OBJECT_BINARY_VALUE_3000434,NAE08/FC-1.NAE8-T1-FEC66.TUNING-RESET,Application Tuning Reset
OBJECT_BINARY_VALUE_3000447,NAE08/FC-1.NAE8-T1-FEC67.HTG-EN,Heating isAvailable
OBJECT_BINARY_VALUE_3000449,NAE08/FC-1.NAE8-T1-FEC67.CLG-EN,Cooling isAvailable
OBJECT_BINARY_VALUE_3000451,NAE08/FC-1.NAE8-T1-FEC67.TUNING-RESET,Application Tuning Reset
OBJECT_BINARY_VALUE_3000464,NAE08/FC-1.NAE8-T1-FEC68.HTG-EN,Heating isAvailable
OBJECT_BINARY_VALUE_3000466,NAE08/FC-1.NAE8-T1-FEC68.CLG-EN,Cooling isAvailable
OBJECT_BINARY_VALUE_3000468,NAE08/FC-1.NAE8-T1-FEC68.TUNING-RESET,Application Tuning Reset
OBJECT_BINARY_VALUE_3000481,NAE08/FC-1.NAE8-T1-FEC69.HTG-EN,Heating isAvailable
OBJECT_BINARY_VALUE_3000483,NAE08/FC-1.NAE8-T1-FEC69.CLG-EN,Cooling isAvailable
OBJECT_BINARY_VALUE_3000485,NAE08/FC-1.NAE8-T1-FEC69.TUNING-RESET,Application Tuning Reset
OBJECT_BINARY_VALUE_3000516,NAE08/FC-1.NAE8-T1-FEC45.CLG-EN,Cooling isAvailable
OBJECT_BINARY_VALUE_3000517,NAE08/FC-1.NAE8-T1-FEC45.TUNING-RESET,Application Tuning Reset
OBJECT_BINARY_VALUE_3000531,NAE08/FC-1.NAE8-T1-FEC46.HTG-EN,Heating isAvailable
OBJECT_BINARY_VALUE_3000533,NAE08/FC-1.NAE8-T1-FEC46.CLG-EN,Cooling isAvailable
OBJECT_BINARY_VALUE_3000535,NAE08/FC-1.NAE8-T1-FEC46.TUNING-RESET,Application Tuning Reset
OBJECT_BINARY_VALUE_3000548,NAE08/FC-1.NAE8-T1-FEC47.HTG-EN,Heating isAvailable
OBJECT_BINARY_VALUE_3000550,NAE08/FC-1.NAE8-T1-FEC47.CLG-EN,Cooling isAvailable
OBJECT_BINARY_VALUE_3000552,NAE08/FC-1.NAE8-T1-FEC47.TUNING-RESET,Application Tuning Reset
OBJECT_BINARY_VALUE_3000565,NAE08/FC-1.NAE8-T1-FEC48.HTG-EN,Heating isAvailable
OBJECT_BINARY_VALUE_3000567,NAE08/FC-1.NAE8-T1-FEC48.CLG-EN,Cooling isAvailable
OBJECT_BINARY_VALUE_3000569,NAE08/FC-1.NAE8-T1-FEC48.TUNING-RESET,Application Tuning Reset
OBJECT_BINARY_VALUE_3000582,NAE08/FC-1.NAE8-T1-FEC49.HTG-EN,Heating isAvailable
OBJECT_BINARY_VALUE_3000584,NAE08/FC-1.NAE8-T1-FEC49.CLG-EN,Cooling isAvailable
OBJECT_BINARY_VALUE_3000586,NAE08/FC-1.NAE8-T1-FEC49.TUNING-RESET,Application Tuning Reset
OBJECT_BINARY_VALUE_3000599,NAE08/FC-1.NAE8-T1-FEC50.HTG-EN,Heating isAvailable
OBJECT_BINARY_VALUE_3000601,NAE08/FC-1.NAE8-T1-FEC50.CLG-EN,Cooling isAvailable
OBJECT_BINARY_VALUE_3000603,NAE08/FC-1.NAE8-T1-FEC50.TUNING-RESET,Application Tuning Reset
OBJECT_BINARY_VALUE_3000616,NAE08/FC-1.NAE8-T1-FEC51.HTG-EN,Heating isAvailable
OBJECT_BINARY_VALUE_3000618,NAE08/FC-1.NAE8-T1-FEC51.CLG-EN,Cooling isAvailable
OBJECT_BINARY_VALUE_3000620,NAE08/FC-1.NAE8-T1-FEC51.TUNING-RESET,Application Tuning Reset
OBJECT_BINARY_VALUE_3000633,NAE08/FC-1.NAE8-T1-FEC52.HTG-EN,Heating isAvailable
OBJECT_BINARY_VALUE_3000635,NAE08/FC-1.NAE8-T1-FEC52.CLG-EN,Cooling isAvailable
OBJECT_BINARY_VALUE_3000637,NAE08/FC-1.NAE8-T1-FEC52.TUNING-RESET,Application Tuning Reset
OBJECT_BINARY_VALUE_3000650,NAE08/FC-1.NAE8-T1-FEC53.HTG-EN,Heating isAvailable
OBJECT_BINARY_VALUE_3000652,NAE08/FC-1.NAE8-T1-FEC53.CLG-EN,Cooling isAvailable
OBJECT_BINARY_VALUE_3000654,NAE08/FC-1.NAE8-T1-FEC53.TUNING-RESET,Application Tuning Reset
OBJECT_BINARY_VALUE_3000667,NAE08/FC-1.NAE8-T1-FEC54.HTG-EN,Heating isAvailable
OBJECT_BINARY_VALUE_3000669,NAE08/FC-1.NAE8-T1-FEC54.CLG-EN,Cooling isAvailable
OBJECT_BINARY_VALUE_3000671,NAE08/FC-1.NAE8-T1-FEC54.TUNING-RESET,Application Tuning Reset
OBJECT_BINARY_VALUE_3000684,NAE08/FC-1.NAE8-T1-FEC55.HTG-EN,Heating isAvailable
OBJECT_BINARY_VALUE_3000686,NAE08/FC-1.NAE8-T1-FEC55.CLG-EN,Cooling isAvailable
OBJECT_BINARY_VALUE_3000688,NAE08/FC-1.NAE8-T1-FEC55.TUNING-RESET,Application Tuning Reset
OBJECT_BINARY_VALUE_3000701,NAE08/FC-1.NAE8-T1-FEC56.HTG-EN,Heating isAvailable
OBJECT_BINARY_VALUE_3000703,NAE08/FC-1.NAE8-T1-FEC56.CLG-EN,Cooling isAvailable
OBJECT_BINARY_VALUE_3000705,NAE08/FC-1.NAE8-T1-FEC56.TUNING-RESET,Application Tuning Reset
OBJECT_BINARY_VALUE_3000709,NAE08/FC-1.NAE8-T1-VMA44.AUTOCAL-C,Autocalibrate
OBJECT_BINARY_VALUE_3000716,NAE08/FC-1.NAE8-T1-VMA57.AUTOCAL-C,Autocalibrate
OBJECT_BINARY_VALUE_3000723,NAE08/FC-1.NAE8-T1-VMA73.AUTOCAL-C,Autocalibrate
OBJECT_BINARY_VALUE_3001036,NAE08/FC-1.9-UP-86.TUNING-RESET,Application Tuning Reset
OBJECT_BINARY_VALUE_3001038,NAE08/FC-1.9-UP-86.CLG-EN,Cooling isAvailable
OBJECT_BINARY_VALUE_3001040,NAE08/FC-1.9-UP-86.HTG-EN,Heating isAvailable
OBJECT_BINARY_VALUE_3001056,NAE08/FC-1.9-UP-85.TUNING-RESET,Application Tuning Reset
OBJECT_BINARY_VALUE_3001058,NAE08/FC-1.9-UP-85.CLG-EN,Cooling isAvailable
OBJECT_BINARY_VALUE_3001070,NAE08/FC-1.9-UP-84.CLG-EN,Cooling isAvailable
OBJECT_BINARY_VALUE_3001071,NAE08/FC-1.9-UP-84.HTG-EN,Heating isAvailable
OBJECT_BINARY_VALUE_3001082,NAE08/FC-1.9-UP-83.CLG-EN,Cooling isAvailable
OBJECT_BINARY_VALUE_3001083,NAE08/FC-1.9-UP-83.HTG-EN,Heating isAvailable
OBJECT_BINARY_VALUE_3001222,NAE08/FC-1.9-UP-87.AUTOCAL-C,Autocalibrate
OBJECT_BINARY_VALUE_3001692,NAE08/FC-1.7-UP-90.TUNING-RESET,Tuning Reset
OBJECT_BINARY_VALUE_3001734,NAE08/FC-1.7-UP-91.TUNING-RESET,Tuning Reset
OBJECT_BINARY_VALUE_3001778,NAE08/FC-1.7-UP-92.TUNING-RESET,Tuning Reset
OBJECT_BINARY_VALUE_3002152,NAE08/Programming.Alarm Shutdown,
OBJECT_BINARY_VALUE_3002195,NAE08/FC-1.8-UP-100.CLG-EN,CLG Enable
OBJECT_BINARY_VALUE_3002196,NAE08/FC-1.8-UP-100.HTG-EN,Heating Enable
OBJECT_BINARY_VALUE_3002466,NAE08/FC-1.9-UP-88.TUNING-RESET,Application Tuning Reset
OBJECT_BINARY_VALUE_3002467,NAE08/FC-1.9-UP-88.AUTOCAL-C,Autocalibrate
OBJECT_BINARY_VALUE_3002500,NAE08/FC-1.9-UP-88.PFRESTART-EN,Power Fail Restart Enable
OBJECT_BINARY_VALUE_3002539,NAE08/FC-1.8-UP-101.CLG-EN,Cooling Enable
OBJECT_BINARY_VALUE_3002540,NAE08/FC-1.8-UP-101.HTG-EN,Heating Enable
OBJECT_BINARY_VALUE_3002622,NAE08/FC-1.7-UP-93.TUNING-RESET,Application Tuning Reset
OBJECT_BINARY_VALUE_3003426,NAE08/FC-1.9-UP-89.AUTOCAL-C,Autocalibrate
OBJECT_BINARY_VALUE_3003811,NAE08/FC-1.8-UP-102.CLG-EN,Cooling isAvailable
OBJECT_BINARY_VALUE_3003812,NAE08/FC-1.8-UP-102.HTG-EN,Heating isAvailable
OBJECT_BINARY_VALUE_3004317,NAE08/FC-1.NAE8-T1-FEC45.DAT-SP RST by OAT or ZONE-T,CS Input (Boolean)
OBJECT_BINARY_VALUE_3004320,NAE08/FC-1.NAE8-T1-FEC45.Econ Available,CS Input (Boolean)
OBJECT_BINARY_VALUE_3004340,NAE08/FC-1.NAE8-T1-FEC58.DAT-SP RST by OAT or ZONE-T,CS Input (Boolean)
OBJECT_BINARY_VALUE_3004343,NAE08/FC-1.NAE8-T1-FEC58.Econ Available,CS Input (Boolean)
OBJECT_BINARY_VALUE_3004362,NAE08/FC-1.NAE8-T1-FEC81.DAT-SP RST by OAT or ZONE-T,CS Input (Boolean)
OBJECT_BINARY_VALUE_3004365,NAE08/FC-1.NAE8-T1-FEC81.Econ Available,CS Input (Boolean)
OBJECT_PROGRAM_3000801,NAE08/Programming.Htg Enable Floors 7-9,
OBJECT_PROGRAM_3001151,NAE08/Programming.Fresh Air Tracking 7-9,
OBJECT_PROGRAM_3002561,NAE08/Programming.7-CU CO2 Zone A,
OBJECT_SCHEDULE_3001137,NAE08/Schedule.CU 9 Sched,
OBJECT_SCHEDULE_3001854,NAE08/Schedule.CU-07,
OBJECT_SCHEDULE_3001855,NAE08/Schedule.CU-08,
OBJECT_SCHEDULE_3002514,NAE08/Schedule.SNC FPTU Sched,
OBJECT_SCHEDULE_3002574,NAE08/Schedule.9th FLR SA-T,
OBJECT_MULTI_STATE_VALUE_3000052,NAE08/FC-1.NAE08-T1-FEC70.Z2-OCC-MODE,Occupancy Status Display
OBJECT_MULTI_STATE_VALUE_3000055,NAE08/FC-1.NAE08-T1-FEC70.Z1-OCC-MODE,Occupancy Status Display
OBJECT_MULTI_STATE_VALUE_3000057,NAE08/FC-1.NAE08-T1-FEC70.OCC-SCHEDULE,Occupancy Schedule
OBJECT_MULTI_STATE_VALUE_3000069,NAE08/FC-1.NAE8-T1-FEC71.Z2-OCC-MODE,Occupancy Status Display
OBJECT_MULTI_STATE_VALUE_3000072,NAE08/FC-1.NAE8-T1-FEC71.Z1-OCC-MODE,Occupancy Status Display
OBJECT_MULTI_STATE_VALUE_3000074,NAE08/FC-1.NAE8-T1-FEC71.OCC-SCHEDULE,Occupancy Schedule
OBJECT_MULTI_STATE_VALUE_3000086,NAE08/FC-1.NAE8-T1-FEC72.Z2-OCC-MODE,Occupancy Status Display
OBJECT_MULTI_STATE_VALUE_3000089,NAE08/FC-1.NAE8-T1-FEC72.Z1-OCC-MODE,Occupancy Status Display
OBJECT_MULTI_STATE_VALUE_3000091,NAE08/FC-1.NAE8-T1-FEC72.OCC-SCHEDULE,Occupancy Schedule
OBJECT_MULTI_STATE_VALUE_3000103,NAE08/FC-1.NAE8-T1-FEC73.Z2-OCC-MODE,Occupancy Status Display
OBJECT_MULTI_STATE_VALUE_3000106,NAE08/FC-1.NAE8-T1-FEC73.Z1-OCC-MODE,Occupancy Status Display
OBJECT_MULTI_STATE_VALUE_3000108,NAE08/FC-1.NAE8-T1-FEC73.OCC-SCHEDULE,Occupancy Schedule
OBJECT_MULTI_STATE_VALUE_3000120,NAE08/FC-1.NAE8-T1-FEC74.Z2-OCC-MODE,Occupancy Status Display
OBJECT_MULTI_STATE_VALUE_3000123,NAE08/FC-1.NAE8-T1-FEC74.Z1-OCC-MODE,Occupancy Status Display
OBJECT_MULTI_STATE_VALUE_3000125,NAE08/FC-1.NAE8-T1-FEC74.OCC-SCHEDULE,Occupancy Schedule
OBJECT_MULTI_STATE_VALUE_3000137,NAE08/FC-1.NAE8-T1-FEC75.Z2-OCC-MODE,Occupancy Status Display
OBJECT_MULTI_STATE_VALUE_3000140,NAE08/FC-1.NAE8-T1-FEC75.Z1-OCC-MODE,Occupancy Status Display
OBJECT_MULTI_STATE_VALUE_3000142,NAE08/FC-1.NAE8-T1-FEC75.OCC-SCHEDULE,Occupancy Schedule
OBJECT_MULTI_STATE_VALUE_3000154,NAE08/FC-1.NAE8-T1-FEC76.Z2-OCC-MODE,Occupancy Status Display
OBJECT_MULTI_STATE_VALUE_3000157,NAE08/FC-1.NAE8-T1-FEC76.Z1-OCC-MODE,Occupancy Status Display
OBJECT_MULTI_STATE_VALUE_3000159,NAE08/FC-1.NAE8-T1-FEC76.OCC-SCHEDULE,Occupancy Schedule
OBJECT_MULTI_STATE_VALUE_3000171,NAE08/FC-1.NAE8-T1-FEC77.Z2-OCC-MODE,Occupancy Status Display
OBJECT_MULTI_STATE_VALUE_3000174,NAE08/FC-1.NAE8-T1-FEC77.Z1-OCC-MODE,Occupancy Status Display
OBJECT_MULTI_STATE_VALUE_3000176,NAE08/FC-1.NAE8-T1-FEC77.OCC-SCHEDULE,Occupancy Schedule
OBJECT_MULTI_STATE_VALUE_3000188,NAE08/FC-1.NAE8-T1-FEC78.Z2-OCC-MODE,Occupancy Status Display
OBJECT_MULTI_STATE_VALUE_3000191,NAE08/FC-1.NAE8-T1-FEC78.Z1-OCC-MODE,Occupancy Status Display
OBJECT_MULTI_STATE_VALUE_3000193,NAE08/FC-1.NAE8-T1-FEC78.OCC-SCHEDULE,Occupancy Schedule
OBJECT_MULTI_STATE_VALUE_3000205,NAE08/FC-1.NAE8-T1-FEC79.Z2-OCC-MODE,Occupancy Status Display
OBJECT_MULTI_STATE_VALUE_3000208,NAE08/FC-1.NAE8-T1-FEC79.Z1-OCC-MODE,Occupancy Status Display
OBJECT_MULTI_STATE_VALUE_3000210,NAE08/FC-1.NAE8-T1-FEC79.OCC-SCHEDULE,Occupancy Schedule
OBJECT_MULTI_STATE_VALUE_3000222,NAE08/FC-1.NAE8-T1-FEC80.Z2-OCC-MODE,Occupancy Status Display
OBJECT_MULTI_STATE_VALUE_3000225,NAE08/FC-1.NAE8-T1-FEC80.Z1-OCC-MODE,Occupancy Status Display
OBJECT_MULTI_STATE_VALUE_3000227,NAE08/FC-1.NAE8-T1-FEC80.OCC-SCHEDULE,Occupancy Schedule
OBJECT_MULTI_STATE_VALUE_3000258,NAE08/FC-1.NAE8-T1-FEC81.WC-C,WarmupCooldown
OBJECT_MULTI_STATE_VALUE_3000259,NAE08/FC-1.NAE8-T1-FEC81.OCC-SCHEDULE,Occupancy Schedule
OBJECT_MULTI_STATE_VALUE_3000265,NAE08/FC-1.NAE8-T1-FEC81.APP-MODE,Application Mode
OBJECT_MULTI_STATE_VALUE_3000267,NAE08/FC-1.NAE8-T1-FEC81.FIRE-A,CS Input (Enum)
OBJECT_MULTI_STATE_VALUE_3000291,NAE08/FC-1.NAE8-T1-FEC58.WC-C,WarmupCooldown
OBJECT_MULTI_STATE_VALUE_3000292,NAE08/FC-1.NAE8-T1-FEC58.OCC-SCHEDULE,Occupancy Schedule
OBJECT_MULTI_STATE_VALUE_3000298,NAE08/FC-1.NAE8-T1-FEC58.APP-MODE,Application Mode
OBJECT_MULTI_STATE_VALUE_3000300,NAE08/FC-1.NAE8-T1-FEC58.FIRE-A,CS Input (Enum)
OBJECT_MULTI_STATE_VALUE_3000305,NAE08/FC-1.NAE8-T1-FEC59.Z2-OCC-MODE,Occupancy Status Display
OBJECT_MULTI_STATE_VALUE_3000308,NAE08/FC-1.NAE8-T1-FEC59.Z1-OCC-MODE,Occupancy Status Display
OBJECT_MULTI_STATE_VALUE_3000310,NAE08/FC-1.NAE8-T1-FEC59.OCC-SCHEDULE,Occupancy Schedule
OBJECT_MULTI_STATE_VALUE_3000322,NAE08/FC-1.NAE8-T1-FEC60.Z2-OCC-MODE,Occupancy Status Display
OBJECT_MULTI_STATE_VALUE_3000325,NAE08/FC-1.NAE8-T1-FEC60.Z1-OCC-MODE,Occupancy Status Display
OBJECT_MULTI_STATE_VALUE_3000327,NAE08/FC-1.NAE8-T1-FEC60.OCC-SCHEDULE,Occupancy Schedule
OBJECT_MULTI_STATE_VALUE_3000339,NAE08/FC-1.NAE8-T1-FEC61.Z2-OCC-MODE,Occupancy Status Display
OBJECT_MULTI_STATE_VALUE_3000342,NAE08/FC-1.NAE8-T1-FEC61.Z1-OCC-MODE,Occupancy Status Display
OBJECT_MULTI_STATE_VALUE_3000344,NAE08/FC-1.NAE8-T1-FEC61.OCC-SCHEDULE,Occupancy Schedule
OBJECT_MULTI_STATE_VALUE_3000356,NAE08/FC-1.NAE8-T1-FEC62.Z2-OCC-MODE,Occupancy Status Display
OBJECT_MULTI_STATE_VALUE_3000359,NAE08/FC-1.NAE8-T1-FEC62.Z1-OCC-MODE,Occupancy Status Display
OBJECT_MULTI_STATE_VALUE_3000361,NAE08/FC-1.NAE8-T1-FEC62.OCC-SCHEDULE,Occupancy Schedule
OBJECT_MULTI_STATE_VALUE_3000373,NAE08/FC-1.NAE8-T1-FEC63.Z2-OCC-MODE,Occupancy Status Display
OBJECT_MULTI_STATE_VALUE_3000376,NAE08/FC-1.NAE8-T1-FEC63.Z1-OCC-MODE,Occupancy Status Display
OBJECT_MULTI_STATE_VALUE_3000378,NAE08/FC-1.NAE8-T1-FEC63.OCC-SCHEDULE,Occupancy Schedule
OBJECT_MULTI_STATE_VALUE_3000390,NAE08/FC-1.NAE8-T1-FEC64.Z2-OCC-MODE,Occupancy Status Display
OBJECT_MULTI_STATE_VALUE_3000393,NAE08/FC-1.NAE8-T1-FEC64.Z1-OCC-MODE,Occupancy Status Display
OBJECT_MULTI_STATE_VALUE_3000395,NAE08/FC-1.NAE8-T1-FEC64.OCC-SCHEDULE,Occupancy Schedule
OBJECT_MULTI_STATE_VALUE_3000407,NAE08/FC-1.NAE8-T1-FEC65.Z2-OCC-MODE,Occupancy Status Display
OBJECT_MULTI_STATE_VALUE_3000410,NAE08/FC-1.NAE8-T1-FEC65.Z1-OCC-MODE,Occupancy Status Display
OBJECT_MULTI_STATE_VALUE_3000412,NAE08/FC-1.NAE8-T1-FEC65.OCC-SCHEDULE,Occupancy Schedule
OBJECT_MULTI_STATE_VALUE_3000424,NAE08/FC-1.NAE8-T1-FEC66.Z2-OCC-MODE,Occupancy Status Display
OBJECT_MULTI_STATE_VALUE_3000427,NAE08/FC-1.NAE8-T1-FEC66.Z1-OCC-MODE,Occupancy Status Display
OBJECT_MULTI_STATE_VALUE_3000429,NAE08/FC-1.NAE8-T1-FEC66.OCC-SCHEDULE,Occupancy Schedule
OBJECT_MULTI_STATE_VALUE_3000441,NAE08/FC-1.NAE8-T1-FEC67.Z2-OCC-MODE,Occupancy Status Display
OBJECT_MULTI_STATE_VALUE_3000444,NAE08/FC-1.NAE8-T1-FEC67.Z1-OCC-MODE,Occupancy Status Display
OBJECT_MULTI_STATE_VALUE_3000446,NAE08/FC-1.NAE8-T1-FEC67.OCC-SCHEDULE,Occupancy Schedule
OBJECT_MULTI_STATE_VALUE_3000458,NAE08/FC-1.NAE8-T1-FEC68.Z2-OCC-MODE,Occupancy Status Display
OBJECT_MULTI_STATE_VALUE_3000461,NAE08/FC-1.NAE8-T1-FEC68.Z1-OCC-MODE,Occupancy Status Display
OBJECT_MULTI_STATE_VALUE_3000463,NAE08/FC-1.NAE8-T1-FEC68.OCC-SCHEDULE,Occupancy Schedule
OBJECT_MULTI_STATE_VALUE_3000475,NAE08/FC-1.NAE8-T1-FEC69.Z2-OCC-MODE,Occupancy Status Display
OBJECT_MULTI_STATE_VALUE_3000478,NAE08/FC-1.NAE8-T1-FEC69.Z1-OCC-MODE,Occupancy Status Display
OBJECT_MULTI_STATE_VALUE_3000480,NAE08/FC-1.NAE8-T1-FEC69.OCC-SCHEDULE,Occupancy Schedule
OBJECT_MULTI_STATE_VALUE_3000511,NAE08/FC-1.NAE8-T1-FEC45.WC-C,WarmupCooldown
OBJECT_MULTI_STATE_VALUE_3000512,NAE08/FC-1.NAE8-T1-FEC45.OCC-SCHEDULE,Occupancy Schedule
OBJECT_MULTI_STATE_VALUE_3000518,NAE08/FC-1.NAE8-T1-FEC45.APP-MODE,Application Mode
OBJECT_MULTI_STATE_VALUE_3000520,NAE08/FC-1.NAE8-T1-FEC45.FIRE-A,CS Input (Enum)
OBJECT_MULTI_STATE_VALUE_3000525,NAE08/FC-1.NAE8-T1-FEC46.Z2-OCC-MODE,Occupancy Status Display
OBJECT_MULTI_STATE_VALUE_3000528,NAE08/FC-1.NAE8-T1-FEC46.Z1-OCC-MODE,Occupancy Status Display
OBJECT_MULTI_STATE_VALUE_3000530,NAE08/FC-1.NAE8-T1-FEC46.OCC-SCHEDULE,Occupancy Schedule
OBJECT_MULTI_STATE_VALUE_3000542,NAE08/FC-1.NAE8-T1-FEC47.Z2-OCC-MODE,Occupancy Status Display
OBJECT_MULTI_STATE_VALUE_3000545,NAE08/FC-1.NAE8-T1-FEC47.Z1-OCC-MODE,Occupancy Status Display
OBJECT_MULTI_STATE_VALUE_3000547,NAE08/FC-1.NAE8-T1-FEC47.OCC-SCHEDULE,Occupancy Schedule
OBJECT_MULTI_STATE_VALUE_3000559,NAE08/FC-1.NAE8-T1-FEC48.Z2-OCC-MODE,Occupancy Status Display
OBJECT_MULTI_STATE_VALUE_3000562,NAE08/FC-1.NAE8-T1-FEC48.Z1-OCC-MODE,Occupancy Status Display
OBJECT_MULTI_STATE_VALUE_3000564,NAE08/FC-1.NAE8-T1-FEC48.OCC-SCHEDULE,Occupancy Schedule
OBJECT_MULTI_STATE_VALUE_3000576,NAE08/FC-1.NAE8-T1-FEC49.Z2-OCC-MODE,Occupancy Status Display
OBJECT_MULTI_STATE_VALUE_3000579,NAE08/FC-1.NAE8-T1-FEC49.Z1-OCC-MODE,Occupancy Status Display
OBJECT_MULTI_STATE_VALUE_3000581,NAE08/FC-1.NAE8-T1-FEC49.OCC-SCHEDULE,Occupancy Schedule
OBJECT_MULTI_STATE_VALUE_3000593,NAE08/FC-1.NAE8-T1-FEC50.Z2-OCC-MODE,Occupancy Status Display
OBJECT_MULTI_STATE_VALUE_3000596,NAE08/FC-1.NAE8-T1-FEC50.Z1-OCC-MODE,Occupancy Status Display
OBJECT_MULTI_STATE_VALUE_3000598,NAE08/FC-1.NAE8-T1-FEC50.OCC-SCHEDULE,Occupancy Schedule
OBJECT_MULTI_STATE_VALUE_3000610,NAE08/FC-1.NAE8-T1-FEC51.Z2-OCC-MODE,Occupancy Status Display
OBJECT_MULTI_STATE_VALUE_3000613,NAE08/FC-1.NAE8-T1-FEC51.Z1-OCC-MODE,Occupancy Status Display
OBJECT_MULTI_STATE_VALUE_3000615,NAE08/FC-1.NAE8-T1-FEC51.OCC-SCHEDULE,Occupancy Schedule
OBJECT_MULTI_STATE_VALUE_3000627,NAE08/FC-1.NAE8-T1-FEC52.Z2-OCC-MODE,Occupancy Status Display
OBJECT_MULTI_STATE_VALUE_3000630,NAE08/FC-1.NAE8-T1-FEC52.Z1-OCC-MODE,Occupancy Status Display
OBJECT_MULTI_STATE_VALUE_3000632,NAE08/FC-1.NAE8-T1-FEC52.OCC-SCHEDULE,Occupancy Schedule
OBJECT_MULTI_STATE_VALUE_3000644,NAE08/FC-1.NAE8-T1-FEC53.Z2-OCC-MODE,Occupancy Status Display
OBJECT_MULTI_STATE_VALUE_3000647,NAE08/FC-1.NAE8-T1-FEC53.Z1-OCC-MODE,Occupancy Status Display
OBJECT_MULTI_STATE_VALUE_3000649,NAE08/FC-1.NAE8-T1-FEC53.OCC-SCHEDULE,Occupancy Schedule
OBJECT_MULTI_STATE_VALUE_3000661,NAE08/FC-1.NAE8-T1-FEC54.Z2-OCC-MODE,Occupancy Status Display
OBJECT_MULTI_STATE_VALUE_3000664,NAE08/FC-1.NAE8-T1-FEC54.Z1-OCC-MODE,Occupancy Status Display
OBJECT_MULTI_STATE_VALUE_3000666,NAE08/FC-1.NAE8-T1-FEC54.OCC-SCHEDULE,Occupancy Schedule
OBJECT_MULTI_STATE_VALUE_3000678,NAE08/FC-1.NAE8-T1-FEC55.Z2-OCC-MODE,Occupancy Status Display
OBJECT_MULTI_STATE_VALUE_3000681,NAE08/FC-1.NAE8-T1-FEC55.Z1-OCC-MODE,Occupancy Status Display
OBJECT_MULTI_STATE_VALUE_3000683,NAE08/FC-1.NAE8-T1-FEC55.OCC-SCHEDULE,Occupancy Schedule
OBJECT_MULTI_STATE_VALUE_3000695,NAE08/FC-1.NAE8-T1-FEC56.Z2-OCC-MODE,Occupancy Status Display
OBJECT_MULTI_STATE_VALUE_3000698,NAE08/FC-1.NAE8-T1-FEC56.Z1-OCC-MODE,Occupancy Status Display
OBJECT_MULTI_STATE_VALUE_3000700,NAE08/FC-1.NAE8-T1-FEC56.OCC-SCHEDULE,Occupancy Schedule
OBJECT_MULTI_STATE_VALUE_3000712,NAE08/FC-1.NAE8-T1-VMA44.UNITEN-MODE,Unit Enable Mode
OBJECT_MULTI_STATE_VALUE_3000713,NAE08/FC-1.NAE8-T1-VMA44.SYSTEM-MODE,System Mode
OBJECT_MULTI_STATE_VALUE_3000719,NAE08/FC-1.NAE8-T1-VMA57.UNITEN-MODE,Unit Enable Mode
OBJECT_MULTI_STATE_VALUE_3000720,NAE08/FC-1.NAE8-T1-VMA57.SYSTEM-MODE,System Mode
OBJECT_MULTI_STATE_VALUE_3000726,NAE08/FC-1.NAE8-T1-VMA73.UNITEN-MODE,Unit Enable Mode
OBJECT_MULTI_STATE_VALUE_3000727,NAE08/FC-1.NAE8-T1-VMA73.SYSTEM-MODE,System Mode
OBJECT_MULTI_STATE_VALUE_3001024,NAE08/FC-1.9-UP-86.Z1-OCC-MODE,Occupancy Status Display
OBJECT_MULTI_STATE_VALUE_3001026,NAE08/FC-1.9-UP-86.Z2-OCC-MODE,Occupancy Status Display
OBJECT_MULTI_STATE_VALUE_3001028,NAE08/FC-1.9-UP-86.Z3-OCC-MODE,Occupancy Status Display
OBJECT_MULTI_STATE_VALUE_3001034,NAE08/FC-1.9-UP-86.ZNT-STATE,State
OBJECT_MULTI_STATE_VALUE_3001041,NAE08/FC-1.9-UP-86.SYSTEM-MODE,System Mode
OBJECT_MULTI_STATE_VALUE_3001046,NAE08/FC-1.9-UP-85.Z1-OCC-MODE,Occupancy Status Display
OBJECT_MULTI_STATE_VALUE_3001048,NAE08/FC-1.9-UP-85.Z2-OCC-MODE,Occupancy Status Display
OBJECT_MULTI_STATE_VALUE_3001059,NAE08/FC-1.9-UP-85.SYSTEM-MODE,System Mode
OBJECT_MULTI_STATE_VALUE_3001062,NAE08/FC-1.9-UP-84.Z1-OCC-MODE,Occupancy Status Display
OBJECT_MULTI_STATE_VALUE_3001072,NAE08/FC-1.9-UP-84.SYSTEM-MODE,System Mode
OBJECT_MULTI_STATE_VALUE_3001074,NAE08/FC-1.9-UP-83.Z1-OCC-MODE,Occupancy Status Display
OBJECT_MULTI_STATE_VALUE_3001084,NAE08/FC-1.9-UP-83.SYSTEM-MODE,System Mode
OBJECT_MULTI_STATE_VALUE_3001221,NAE08/FC-1.9-UP-87.OCC-MODE,Occupancy Status Display
OBJECT_MULTI_STATE_VALUE_3001223,NAE08/FC-1.9-UP-87.SYSTEM-MODE,System Mode
OBJECT_MULTI_STATE_VALUE_3001224,NAE08/FC-1.9-UP-87.UNITEN-MODE,Unit Enable Mode
OBJECT_MULTI_STATE_VALUE_3001665,NAE08/FC-1.7-UP-90.Z1-OCC-MODE,Occupancy Status Display
OBJECT_MULTI_STATE_VALUE_3001667,NAE08/FC-1.7-UP-90.Z2-OCC-MODE,Occupancy Status Display
OBJECT_MULTI_STATE_VALUE_3001669,NAE08/FC-1.7-UP-90.Z3-OCC-MODE,Occupancy Status Display
OBJECT_MULTI_STATE_VALUE_3001697,NAE08/FC-1.7-UP-90.OCC-SCHEDULE,Occupancy Schedule
OBJECT_MULTI_STATE_VALUE_3001710,NAE08/FC-1.7-UP-91.Z1-OCC-MODE,Occupancy Status Display
OBJECT_MULTI_STATE_VALUE_3001739,NAE08/FC-1.7-UP-91.OCC-SCHEDULE,Occupancy Schedule
OBJECT_MULTI_STATE_VALUE_3001751,NAE08/FC-1.7-UP-92.Z1-OCC-MODE,Occupancy Status Display
OBJECT_MULTI_STATE_VALUE_3001753,NAE08/FC-1.7-UP-92.Z2-OCC-MODE,Occupancy Status Display
OBJECT_MULTI_STATE_VALUE_3001755,NAE08/FC-1.7-UP-92.Z3-OCC-MODE,Occupancy Status Display
OBJECT_MULTI_STATE_VALUE_3001783,NAE08/FC-1.7-UP-92.OCC-SCHEDULE,Occupancy Schedule
OBJECT_MULTI_STATE_VALUE_3001945,NAE08/FC-1.9-UP-88.FAN-STATE,State
OBJECT_MULTI_STATE_VALUE_3002105,NAE08/FC-1.9-UP-88.SYSTEM-MODE,System Mode
OBJECT_MULTI_STATE_VALUE_3002106,NAE08/FC-1.9-UP-88.UNITEN-MODE,Unit Enable Mode
OBJECT_MULTI_STATE_VALUE_3002107,NAE08/FC-1.9-UP-89.SYSTEM-MODE,System Mode
OBJECT_MULTI_STATE_VALUE_3002108,NAE08/FC-1.9-UP-89.UNITEN-MODE,Unit Enable Mode
OBJECT_MULTI_STATE_VALUE_3002180,NAE08/FC-1.8-UP-100.Zone3 Mode,Zone 3 Mode
OBJECT_MULTI_STATE_VALUE_3002193,NAE08/FC-1.8-UP-100.ZNT-STATE,Zone Temperature State
OBJECT_MULTI_STATE_VALUE_3002197,NAE08/FC-1.8-UP-100.OCC-SCHEDULE,Occupancy Schedule
OBJECT_MULTI_STATE_VALUE_3002198,NAE08/FC-1.8-UP-100.SYSTEM-MODE,System Mode
OBJECT_MULTI_STATE_VALUE_3002478,NAE08/FC-1.9-UP-88.OCC-SCHEDULE,Occupancy Schedule
OBJECT_MULTI_STATE_VALUE_3002479,NAE08/FC-1.9-UP-88.FAN-OUTSTATE,State
OBJECT_MULTI_STATE_VALUE_3002480,NAE08/FC-1.9-UP-88.SAD-OUTSTATE,State
OBJECT_MULTI_STATE_VALUE_3002486,NAE08/FC-1.9-UP-88.SAFLOW-OUTSTATE,State
OBJECT_MULTI_STATE_VALUE_3002491,NAE08/FC-1.9-UP-88.WC-C,WarmupCooldown
OBJECT_MULTI_STATE_VALUE_3002492,NAE08/FC-1.9-UP-88.WC-S,State
OBJECT_MULTI_STATE_VALUE_3002494,NAE08/FC-1.9-UP-88.AUTOCAL-STATE,Autocalibration Status
OBJECT_MULTI_STATE_VALUE_3002502,NAE08/FC-1.9-UP-88.UNITEN-STATE,State
OBJECT_MULTI_STATE_VALUE_3002503,NAE08/FC-1.9-UP-88.WC-STATE,WarmupCooldown Status
OBJECT_MULTI_STATE_VALUE_3002505,NAE08/FC-1.9-UP-88.UNOCC-STATE,Unocc Status
OBJECT_MULTI_STATE_VALUE_3002506,NAE08/FC-1.9-UP-88.ZNT-STATE,State
OBJECT_MULTI_STATE_VALUE_3002507,NAE08/FC-1.9-UP-88.EFF-OCC,
OBJECT_MULTI_STATE_VALUE_3002527,NAE08/FC-1.8-UP-101.Z1-OCC-MODE,Zone 1 Occupancy Mode
OBJECT_MULTI_STATE_VALUE_3002541,NAE08/FC-1.8-UP-101.OCC-SCHEDULE,Occupancy Schedule
OBJECT_MULTI_STATE_VALUE_3002587,NAE08/FC-1.NAE8-T1-FEC64.Z3-OCC-MODE,Occupancy Status Display
OBJECT_MULTI_STATE_VALUE_3002618,NAE08/FC-1.7-UP-93.Z1-OCC-MODE,Occupancy Status Display
OBJECT_MULTI_STATE_VALUE_3002624,NAE08/FC-1.7-UP-93.OCC-SCHEDULE,Occupancy Schedule
OBJECT_MULTI_STATE_VALUE_3003346,NAE08/FC-1.9-UP-88.OCC-MODE,Occupancy Status Display
OBJECT_MULTI_STATE_VALUE_3003805,NAE08/FC-1.8-UP-102.Z1-OCC-MODE,Occupancy Status Display
OBJECT_MULTI_STATE_VALUE_3003813,NAE08/FC-1.8-UP-102.OCC-SCHEDULE,Occupancy Schedule
OBJECT_MULTI_STATE_VALUE_3004321,NAE08/FC-1.NAE8-T1-FEC45.CU State,Output (Enum)
OBJECT_MULTI_STATE_VALUE_3004322,NAE08/FC-1.NAE8-T1-FEC45.Control Mode,CS Input (Enum)
OBJECT_MULTI_STATE_VALUE_3004325,NAE08/FC-1.NAE8-T1-FEC45.Mode,Mode
OBJECT_MULTI_STATE_VALUE_3004326,NAE08/FC-1.NAE8-T1-FEC45.DATSP-STATE,State
OBJECT_MULTI_STATE_VALUE_3004344,NAE08/FC-1.NAE8-T1-FEC58.CU State,Output (Enum)
OBJECT_MULTI_STATE_VALUE_3004345,NAE08/FC-1.NAE8-T1-FEC58.Control Mode,CS Input (Enum)
OBJECT_MULTI_STATE_VALUE_3004348,NAE08/FC-1.NAE8-T1-FEC58.Mode,Mode
OBJECT_MULTI_STATE_VALUE_3004349,NAE08/FC-1.NAE8-T1-FEC58.DATSP-STATE,State
OBJECT_MULTI_STATE_VALUE_3004366,NAE08/FC-1.NAE8-T1-FEC81.CU State,Output (Enum)
OBJECT_MULTI_STATE_VALUE_3004367,NAE08/FC-1.NAE8-T1-FEC81.Control Mode,CS Input (Enum)
OBJECT_MULTI_STATE_VALUE_3004370,NAE08/FC-1.NAE8-T1-FEC81.Mode,Mode
OBJECT_MULTI_STATE_VALUE_3004371,NAE08/FC-1.NAE8-T1-FEC81.DATSP-STATE,State
OBJECT_TRENDLOG_3000005,NAE08/Memory Usage Trend Log,
OBJECT_TRENDLOG_3000731,NAE08/FC-1.NAE8-T1-FEC81.FLOOR-P1.Trend1,
OBJECT_TRENDLOG_3000733,NAE08/FC-1.NAE8-T1-FEC81.FLOOR-P2.Trend1,
OBJECT_TRENDLOG_3000736,NAE08/FC-1.NAE8-T1-FEC81.SF-S.Trend1,
OBJECT_TRENDLOG_3000737,NAE08/FC-1.NAE8-T1-FEC81.SF-O.Trend1,
OBJECT_TRENDLOG_3000739,NAE08/FC-1.NAE8-T1-FEC81.SA-T.Trend1,
OBJECT_TRENDLOG_3000740,NAE08/FC-1.NAE8-T1-FEC81.ZN1-T.Trend1,
OBJECT_TRENDLOG_3000741,NAE08/FC-1.NAE8-T1-FEC81.ZN2-T.Trend1,
OBJECT_TRENDLOG_3000742,NAE08/FC-1.NAE8-T1-FEC81.ZN3-T.Trend1,
OBJECT_TRENDLOG_3000743,NAE08/FC-1.NAE8-T1-FEC81.ZN4-T.Trend1,
OBJECT_TRENDLOG_3000747,NAE08/FC-1.NAE8-T1-FEC58.FLOOR-P1.Trend1,
OBJECT_TRENDLOG_3000749,NAE08/FC-1.NAE8-T1-FEC58.FLOOR-P2.Trend1,
OBJECT_TRENDLOG_3000752,NAE08/FC-1.NAE8-T1-FEC58.SF-S.Trend1,
OBJECT_TRENDLOG_3000753,NAE08/FC-1.NAE8-T1-FEC58.SF-O.Trend1,
OBJECT_TRENDLOG_3000755,NAE08/FC-1.NAE8-T1-FEC58.SA-T.Trend1,
OBJECT_TRENDLOG_3000756,NAE08/FC-1.NAE8-T1-FEC58.ZN1-T.Trend1,
OBJECT_TRENDLOG_3000757,NAE08/FC-1.NAE8-T1-FEC58.ZN2-T.Trend1,
OBJECT_TRENDLOG_3000758,NAE08/FC-1.NAE8-T1-FEC58.ZN3-T.Trend1,
OBJECT_TRENDLOG_3000759,NAE08/FC-1.NAE8-T1-FEC58.ZN4-T.Trend1,
OBJECT_TRENDLOG_3000763,NAE08/FC-1.NAE8-T1-FEC45.FLOOR-P1.Trend1,
OBJECT_TRENDLOG_3000765,NAE08/FC-1.NAE8-T1-FEC45.FLOOR-P2.Trend1,
OBJECT_TRENDLOG_3000768,NAE08/FC-1.NAE8-T1-FEC45.SF-S.Trend1,
OBJECT_TRENDLOG_3000769,NAE08/FC-1.NAE8-T1-FEC45.SF-O.Trend1,
OBJECT_TRENDLOG_3000771,NAE08/FC-1.NAE8-T1-FEC45.SA-T.Trend1,
OBJECT_TRENDLOG_3000772,NAE08/FC-1.NAE8-T1-FEC45.ZN1-T.Trend1,
OBJECT_TRENDLOG_3000773,NAE08/FC-1.NAE8-T1-FEC45.ZN2-T.Trend1,
OBJECT_TRENDLOG_3000774,NAE08/FC-1.NAE8-T1-FEC45.ZN3-T.Trend1,
OBJECT_TRENDLOG_3000775,NAE08/FC-1.NAE8-T1-FEC45.ZN4-T.Trend1,
OBJECT_TRENDLOG_3001115,NAE08/FC-1.NAE08-T1-FEC70.ZN2-T.Trend1,
OBJECT_TRENDLOG_3001116,NAE08/FC-1.NAE8-T1-FEC71.ZN2-T.Trend1,
OBJECT_TRENDLOG_3001117,NAE08/FC-1.NAE8-T1-FEC71.ZN1-T.Trend1,
OBJECT_TRENDLOG_3001118,NAE08/FC-1.NAE8-T1-FEC72.ZN2-T.Trend1,
OBJECT_TRENDLOG_3001119,NAE08/FC-1.NAE8-T1-FEC72.ZN1-T.Trend1,
OBJECT_TRENDLOG_3001120,NAE08/FC-1.NAE8-T1-FEC73.ZN2-T.Trend1,
OBJECT_TRENDLOG_3001121,NAE08/FC-1.NAE8-T1-FEC73.ZN1-T.Trend1,
OBJECT_TRENDLOG_3001122,NAE08/FC-1.NAE8-T1-FEC74.ZN2-T.Trend1,
OBJECT_TRENDLOG_3001123,NAE08/FC-1.NAE8-T1-FEC74.ZN1-T.Trend1,
OBJECT_TRENDLOG_3001124,NAE08/FC-1.NAE8-T1-FEC75.ZN2-T.Trend1,
OBJECT_TRENDLOG_3001125,NAE08/FC-1.NAE8-T1-FEC75.ZN1-T.Trend1,
OBJECT_TRENDLOG_3001126,NAE08/FC-1.NAE8-T1-FEC76.ZN2-T.Trend1,
OBJECT_TRENDLOG_3001127,NAE08/FC-1.NAE8-T1-FEC76.ZN1-T.Trend1,
OBJECT_TRENDLOG_3001128,NAE08/FC-1.NAE8-T1-FEC77.ZN2-T.Trend1,
OBJECT_TRENDLOG_3001129,NAE08/FC-1.NAE8-T1-FEC77.ZN1-T.Trend1,
OBJECT_TRENDLOG_3001130,NAE08/FC-1.NAE8-T1-FEC78.ZN2-T.Trend1,
OBJECT_TRENDLOG_3001131,NAE08/FC-1.NAE8-T1-FEC78.ZN1-T.Trend1,
OBJECT_TRENDLOG_3001132,NAE08/FC-1.NAE8-T1-FEC79.ZN2-T.Trend1,
OBJECT_TRENDLOG_3001133,NAE08/FC-1.NAE8-T1-FEC79.ZN1-T.Trend1,
OBJECT_TRENDLOG_3001134,NAE08/FC-1.NAE8-T1-FEC80.ZN2-T.Trend1,
OBJECT_TRENDLOG_3001135,NAE08/FC-1.NAE8-T1-FEC80.ZN1-T.Trend1,
OBJECT_TRENDLOG_3002166,NAE08/FC-1.NAE8-T1-FEC81.SF-S.Trend2,
OBJECT_TRENDLOG_3002167,NAE08/FC-1.NAE8-T1-FEC58.SF-S.Trend2,
OBJECT_TRENDLOG_3002168,NAE08/FC-1.NAE8-T1-FEC45.SF-S.Trend2,
OBJECT_TRENDLOG_3002275,NAE08/FC-1.9-UP-86.ZN2-T.Trend1,
OBJECT_TRENDLOG_3002439,NAE08/FC-1.9-UP-86.ZN2-DAD-%.Trend1,
OBJECT_TRENDLOG_3002444,NAE08/FC-1.9-UP-86.ZN1-T.Trend1,
OBJECT_TRENDLOG_3002445,NAE08/FC-1.9-UP-86.DAD1-O.Trend1,
OBJECT_TRENDLOG_3002616,NAE08/FC-1.7-UP-93.Trend1,
OBJECT_TRENDLOG_3002873,NAE08/FC-1.NAE8-T1-FEC81.HT-A.Trend1,
OBJECT_TRENDLOG_3003118,NAE08/FC-1.NAE8-T1-FEC71.DAD1-O.Trend1,9-UP-7 Damper
OBJECT_TRENDLOG_3003119,NAE08/FC-1.NAE8-T1-FEC79.DAD1-O.Trend1,9th- zone B corner dampr
OBJECT_TRENDLOG_3003149,NAE08/FC-1.NAE8-T1-FEC45.SAT-SP.Trend1,
OBJECT_TRENDLOG_3003150,NAE08/FC-1.NAE8-T1-FEC81.SAT-SP.Trend1,
OBJECT_TRENDLOG_3003413,NAE08/FC-1.9-UP-87.ZN-T.Trend1,
OBJECT_TRENDLOG_3003419,NAE08/FC-1.9-UP-89.ZN-T.Trend1,
OBJECT_TRENDLOG_3004244,NAE08/FC-1.NAE8-T1-FEC69.ZN1-T.Trend1,
OBJECT_TRENDLOG_3004267,NAE08/FC-1.NAE8-T1-FEC58.RA-CO2D.Trend1,
OBJECT_TRENDLOG_3004268,NAE08/FC-1.NAE8-T1-FEC58.SAT-SP.Trend1,
OBJECT_TRENDLOG_3004292,NAE08/Event Rate Trend Log,
OBJECT_TRENDLOG_3004383,NAE08/FC-1.NAE8-T1-FEC58.Eff OA Flow Setpoint.Trend1,
OBJECT_TRENDLOG_3004384,NAE08/FC-1.NAE8-T1-FEC58.OA-F.Trend1,
OBJECT_TRENDLOG_3004385,NAE08/FC-1.NAE8-T1-FEC58.RA-CO2E.Trend1,
OBJECT_TRENDLOG_3004386,NAE08/FC-1.NAE8-T1-FEC45.Floor Max CO2.Trend1,
OBJECT_TRENDLOG_3004387,NAE08/FC-1.NAE8-T1-FEC58.Floor Max CO2.Trend1,
OBJECT_TRENDLOG_3004388,NAE08/FC-1.NAE8-T1-FEC81.Floor Max CO2.Trend1,
OBJECT_TRENDLOG_3004405,NAE08/FC-1.NAE8-T1-FEC58.RAT-SP.Trend1,
OBJECT_TRENDLOG_3004406,NAE08/FC-1.NAE8-T1-FEC58.DAT-SP-RAT.Trend1,
OBJECT_TRENDLOG_3004407,NAE08/FC-1.NAE8-T1-FEC58.CLG-O.Trend1,
OBJECT_TRENDLOG_3004408,NAE08/FC-1.NAE8-T1-FEC81.CLG-O.Trend1,